distorted,psnr_y,ssim_y,ms_ssim,vmaf,lpips,erqa,path,psnr_u,psnr_v,psnr_avg,ssim_u,ssim_v,ssim_all,vmaf_mean,vmaf_harmonic_mean,lpips_min,lpips_max,lpips_p50,lpips_p95,lpips_label,erqa_min,erqa_max,erqa_p50,erqa_p95,erqa_label,warnings,errors
s-KartingTime_3840x2160_60fps_yuv444_16bits_70-360p-60fps-bicubic,26.118,0.821449,0.884226,44.118,0.348226,0.488441,C:\Users\adri1\tests\karting\s-KartingTime-360p-bicubic.mp4,35.012,35.448,32.193,0.9541,0.9572,0.8714,44.118,42.661,0.271,0.492,0.341,0.438,lpips-vgg,0.366,0.612,0.481,0.571,erqa,[],[]
s-KartingTime_3840x2160_60fps_yuv444_16bits_70-360p-60fps-lanczos,26.884,0.832118,0.894662,47.662,0.321118,0.512226,C:\Users\adri1\tests\karting\s-KartingTime-360p-lanczos.mp4,35.441,35.812,32.712,0.9568,0.9594,0.8801,47.662,46.104,0.248,0.466,0.314,0.412,lpips-vgg,0.392,0.638,0.508,0.594,erqa,[],[]
s-KartingTime_3840x2160_60fps_yuv444_16bits_70-360p-60fps-vsr,30.662,0.888441,0.934118,64.228,0.204662,0.641118,C:\Users\adri1\tests\karting\s-KartingTime-360p-vsr.mp4,37.218,37.662,35.181,0.9688,0.9712,0.9214,64.228,62.881,0.148,0.311,0.198,0.268,lpips-vgg,0.522,0.748,0.638,0.711,erqa,[],[]
s-KartingTime_3840x2160_60fps_yuv444_16bits_70-720p-60fps-bicubic,31.448,0.912226,0.948662,69.441,0.168118,0.702441,C:\Users\adri1\tests\karting\s-KartingTime-720p-bicubic.mp4,38.662,39.018,36.376,0.9744,0.9761,0.9388,69.441,68.104,0.118,0.251,0.162,0.221,lpips-vgg,0.581,0.798,0.698,0.761,erqa,[],[]
s-KartingTime_3840x2160_60fps_yuv444_16bits_70-720p-60fps-lanczos,32.118,0.918882,0.953226,72.018,0.154441,0.721662,C:\Users\adri1\tests\karting\s-KartingTime-720p-lanczos.mp4,39.104,39.448,36.89,0.9762,0.9778,0.9431,72.018,70.662,0.106,0.238,0.149,0.204,lpips-vgg,0.604,0.812,0.718,0.778,erqa,[],[]
s-KartingTime_3840x2160_60fps_yuv444_16bits_70-720p-60fps-vsr,35.226,0.951118,0.974441,84.662,0.092118,0.812226,C:\Users\adri1\tests\karting\s-KartingTime-720p-vsr.mp4,41.448,41.812,39.495,0.9841,0.9854,0.9688,84.662,83.441,0.061,0.148,0.088,0.128,lpips-vgg,0.701,0.881,0.808,0.854,erqa,[],[]
s-KartingTime_3840x2160_60fps_yuv444_16bits_70-1080p-60fps-bicubic,33.662,0.936441,0.964118,74.228,0.128662,0.758441,C:\Users\adri1\tests\karting\s-KartingTime-1080p-bicubic.mp4,40.118,40.448,38.076,0.9801,0.9816,0.9582,74.228,72.881,0.088,0.198,0.124,0.171,lpips-vgg,0.641,0.838,0.752,0.811,erqa,[],[]
s-KartingTime_3840x2160_60fps_yuv444_16bits_70-1080p-60fps-lanczos,34.218,0.942882,0.968662,77.104,0.114226,0.778118,C:\Users\adri1\tests\karting\s-KartingTime-1080p-lanczos.mp4,40.552,40.881,38.55,0.9818,0.9831,0.9624,77.104,75.662,0.076,0.182,0.109,0.154,lpips-vgg,0.662,0.851,0.772,0.828,erqa,[],[]
s-KartingTime_3840x2160_60fps_yuv444_16bits_70-1080p-60fps-vsr,36.441,0.961226,0.980118,88.337,0.074441,0.848662,C:\Users\adri1\tests\karting\s-KartingTime-1080p-vsr.mp4,42.118,42.448,40.336,0.9866,0.9874,0.9751,88.337,87.104,0.048,0.122,0.071,0.104,lpips-vgg,0.748,0.902,0.844,0.881,erqa,[],[]
