timestamp,value,raw,region
2026-09-05T16:30:35+02:00,113.36,113.36.,"x=1229.25,y=426.59,w=135.36,h=38.3"
2026-09-05T16:30:36+02:00,113.36,113.36.,"x=1229.25,y=426.59,w=135.36,h=38.3"
2026-09-05T16:30:37+02:00,140.97,140.97.,"x=1229.25,y=426.59,w=135.36,h=38.3"
2026-09-05T16:30:38+02:00,140.97,140.97.,"x=1229.25,y=426.59,w=135.36,h=38.3"
2026-09-05T16:30:39+02:00,104.63,104.63.,"x=1229.25,y=426.59,w=135.36,h=38.3"
2026-09-05T16:30:40+02:00,104.63,104.63.,"x=1229.25,y=426.59,w=135.36,h=38.3"
2026-09-05T16:30:41+02:00,106.07,106.07.,"x=1229.25,y=426.59,w=135.36,h=38.3"
2026-09-05T16:30:42+02:00,106.07,106.07.,"x=1229.25,y=426.59,w=135.36,h=38.3"
2026-09-05T16:30:43+02:00,106.24,106.24.,"x=1229.25,y=426.59,w=135.36,h=38.3"
2026-09-05T16:30:44+02:00,106.24,106.24.,"x=1229.25,y=426.59,w=135.36,h=38.3"
2026-09-05T16:30:45+02:00,105.21,105.21.,"x=1229.25,y=426.59,w=135.36,h=38.3"
2026-09-05T16:30:46+02:00,105.21,105.21.,"x=1229.25,y=426.59,w=135.36,h=38.3"
2026-09-05T16:30:47+02:00,125.06,125.06.,"x=1229.25,y=426.59,w=135.36,h=38.3"
2026-09-05T16:30:48+02:00,115.7,115.70.,"x=1229.25,y=426.59,w=135.36,h=38.3"
2026-09-05T16:30:49+02:00,115.7,115.70.,"x=1229.25,y=426.59,w=135.36,h=38.3"
2026-09-05T16:30:50+02:00,104.61,104.61.,"x=1229.25,y=426.59,w=135.36,h=38.3"
2026-09-05T16:30:51+02:00,104.61,104.61.,"x=1229.25,y=426.59,w=135.36,h=38.3"
2026-09-05T16:30:52+02:00,105.07,105.07.,"x=1229.25,y=426.59,w=135.36,h=38.3"
2026-09-05T16:30:53+02:00,105.07,105.07.,"x=1229.25,y=426.59,w=135.36,h=38.3"
2026-09-05T16:30:54+02:00,112.83,112.83.,"x=1229.25,y=426.59,w=135.36,h=38.3"
2026-09-05T16:30:55+02:00,112.83,112.83.,"x=1229.25,y=426.59,w=135.36,h=38.3"
2026-09-05T16:30:56+02:00,115.42,115.42.,"x=1229.25,y=426.59,w=135.36,h=38.3"
2026-09-05T16:30:57+02:00,115.42,115.42.,"x=1229.25,y=426.59,w=135.36,h=38.3"
2026-09-05T16:30:58+02:00,104.6,104.60.,"x=1229.25,y=426.59,w=135.36,h=38.3"
2026-09-05T16:30:59+02:00,104.6,104.60.,"x=1229.25,y=426.59,w=135.36,h=38.3"
2026-09-05T16:31:00+02:00,110.72,110.72.,"x=1229.25,y=426.59,w=135.36,h=38.3"
2026-09-05T16:31:01+02:00,110.72,110.72.,"x=1229.25,y=426.59,w=135.36,h=38.3"
2026-09-05T16:31:02+02:00,104.81,104.81.,"x=1229.25,y=426.59,w=135.36,h=38.3"
2026-09-05T16:31:03+02:00,104.81,104.81.,"x=1229.25,y=426.59,w=135.36,h=38.3"
2026-09-05T16:31:04+02:00,104.82,104.82.,"x=1229.25,y=426.59,w=135.36,h=38.3"
2026-09-05T16:31:05+02:00,104.82,104.82.,"x=1229.25,y=426.59,w=135.36,h=38.3"
2026-09-05T16:31:06+02:00,126.64,126.64.,"x=1229.25,y=426.59,w=135.36,h=38.3"
2026-09-05T16:31:07+02:00,126.64,126.64.,"x=1229.25,y=426.59,w=135.36,h=38.3"
2026-09-05T16:31:08+02:00,103.89,103.89.,"x=1229.25,y=426.59,w=135.36,h=38.3"
2026-09-05T16:31:09+02:00,103.89,103.89.,"x=1229.25,y=426.59,w=135.36,h=38.3"
2026-09-05T16:31:10+02:00,104.36,104.36.,"x=1229.25,y=426.59,w=135.36,h=38.3"
2026-09-05T16:31:11+02:00,104.36,104.36.,"x=1229.25,y=426.59,w=135.36,h=38.3"
2026-09-05T16:31:12+02:00,109.67,109.67.,"x=1229.25,y=426.59,w=135.36,h=38.3"
2026-09-05T16:31:13+02:00,109.67,109.67.,"x=1229.25,y=426.59,w=135.36,h=38.3"
2026-09-05T16:31:14+02:00,104.69,104.69.,"x=1229.25,y=426.59,w=135.36,h=38.3"
2026-09-05T16:31:15+02:00,104.69,104.69.,"x=1229.25,y=426.59,w=135.36,h=38.3"
2026-09-05T16:31:16+02:00,119.31,119.31.,"x=1229.25,y=426.59,w=135.36,h=38.3"
2026-09-05T16:31:17+02:00,119.31,119.31.,"x=1229.25,y=426.59,w=135.36,h=38.3"
2026-09-05T16:31:18+02:00,109.03,109.03.,"x=1229.25,y=426.59,w=135.36,h=38.3"
2026-09-05T16:31:19+02:00,109.03,109.03.,"x=1229.25,y=426.59,w=135.36,h=38.3"
2026-09-05T16:31:20+02:00,104.69,104.69.,"x=1229.25,y=426.59,w=135.36,h=38.3"
2026-09-05T16:31:21+02:00,104.69,104.69.,"x=1229.25,y=426.59,w=135.36,h=38.3"
2026-09-05T16:31:22+02:00,105.22,105.22.,"x=1229.25,y=426.59,w=135.36,h=38.3"
2026-09-05T16:31:23+02:00,105.22,105.22.,"x=1229.25,y=426.59,w=135.36,h=38.3"
2026-09-05T16:31:24+02:00,112.13,112.13.,"x=1229.25,y=426.59,w=135.36,h=38.3"
2026-09-05T16:31:25+02:00,112.13,112.13.,"x=1229.25,y=426.59,w=135.36,h=38.3"
2026-09-05T16:31:26+02:00,124.98,124.98.,"x=1229.25,y=426.59,w=135.36,h=38.3"
2026-09-05T16:31:27+02:00,124.98,124.98.,"x=1229.25,y=426.59,w=135.36,h=38.3"
2026-09-05T16:31:28+02:00,105.33,105.33.,"x=1229.25,y=426.59,w=135.36,h=38.3"
2026-09-05T16:31:29+02:00,105.33,105.33.,"x=1229.25,y=426.59,w=135.36,h=38.3"
2026-09-05T16:31:30+02:00,111.15,111.15.,"x=1229.25,y=426.59,w=135.36,h=38.3"
2026-09-05T16:31:31+02:00,111.15,111.15.,"x=1229.25,y=426.59,w=135.36,h=38.3"
2026-09-05T16:31:32+02:00,105.01,105.01.,"x=1229.25,y=426.59,w=135.36,h=38.3"
2026-09-05T16:31:33+02:00,105.01,105.01.,"x=1229.25,y=426.59,w=135.36,h=38.3"
2026-09-05T16:31:34+02:00,103.97,103.97.,"x=1229.25,y=426.59,w=135.36,h=38.3"
2026-09-05T16:31:35+02:00,103.97,103.97.,"x=1229.25,y=426.59,w=135.36,h=38.3"
2026-09-05T16:31:36+02:00,128.13,128.13.,"x=1229.25,y=426.59,w=135.36,h=38.3"
2026-09-05T16:31:37+02:00,128.13,128.13.,"x=1229.25,y=426.59,w=135.36,h=38.3"
2026-09-05T16:31:38+02:00,105.99,105.99.,"x=1229.25,y=426.59,w=135.36,h=38.3"
2026-09-05T16:31:39+02:00,105.99,105.99.,"x=1229.25,y=426.59,w=135.36,h=38.3"
2026-09-05T16:31:40+02:00,104.25,104.25.,"x=1229.25,y=426.59,w=135.36,h=38.3"
2026-09-05T16:31:41+02:00,104.25,104.25.,"x=1229.25,y=426.59,w=135.36,h=38.3"
2026-09-05T16:31:42+02:00,114.63,114.63.,"x=1229.25,y=426.59,w=135.36,h=38.3"
2026-09-05T16:31:43+02:00,114.63,114.63.,"x=1229.25,y=426.59,w=135.36,h=38.3"
2026-09-05T16:31:44+02:00,112,112,"x=1229.25,y=426.59,w=135.36,h=38.3"
2026-09-05T16:31:45+02:00,112,112,"x=1229.25,y=426.59,w=135.36,h=38.3"
2026-09-05T16:31:46+02:00,128.88,128.88.,"x=1229.25,y=426.59,w=135.36,h=38.3"
2026-09-05T16:31:48+02:00,128.88,128.88.,"x=1229.25,y=426.59,w=135.36,h=38.3"
2026-09-05T16:31:49+02:00,105.08,105.08.,"x=1229.25,y=426.59,w=135.36,h=38.3"
2026-09-05T16:31:49+02:00,105.08,105.08.,"x=1229.25,y=426.59,w=135.36,h=38.3"
2026-09-05T16:31:50+02:00,106.72,106.72.,"x=1229.25,y=426.59,w=135.36,h=38.3"
2026-09-05T16:31:52+02:00,106.72,106.72.,"x=1229.25,y=426.59,w=135.36,h=38.3"
2026-09-05T16:31:53+02:00,104.81,104.81.,"x=1229.25,y=426.59,w=135.36,h=38.3"
2026-09-05T16:31:54+02:00,104.81,104.81.,"x=1229.25,y=426.59,w=135.36,h=38.3"
2026-09-05T16:31:55+02:00,106.83,106.83.,"x=1229.25,y=426.59,w=135.36,h=38.3"
2026-09-05T16:31:56+02:00,106.83,106.83.,"x=1229.25,y=426.59,w=135.36,h=38.3"
2026-09-05T16:31:57+02:00,135.6,135.60.,"x=1229.25,y=426.59,w=135.36,h=38.3"
2026-09-05T16:31:58+02:00,135.6,135.60.,"x=1229.25,y=426.59,w=135.36,h=38.3"
2026-09-05T16:31:59+02:00,103.4,103.40.,"x=1229.25,y=426.59,w=135.36,h=38.3"
2026-09-05T16:32:00+02:00,103.4,103.40.,"x=1229.25,y=426.59,w=135.36,h=38.3"
2026-09-05T16:32:01+02:00,105.4,105.40.,"x=1229.25,y=426.59,w=135.36,h=38.3"
2026-09-05T16:32:02+02:00,105.4,105.40.,"x=1229.25,y=426.59,w=135.36,h=38.3"
2026-09-05T16:32:03+02:00,114.39,114.39.,"x=1229.25,y=426.59,w=135.36,h=38.3"
2026-09-05T16:32:04+02:00,114.39,114.39.,"x=1229.25,y=426.59,w=135.36,h=38.3"
2026-09-05T16:32:05+02:00,104.37,104.37.,"x=1229.25,y=426.59,w=135.36,h=38.3"
2026-09-05T16:32:06+02:00,104.37,104.37.,"x=1229.25,y=426.59,w=135.36,h=38.3"
2026-09-05T16:32:07+02:00,120.96,120.96.,"x=1229.25,y=426.59,w=135.36,h=38.3"
2026-09-05T16:32:08+02:00,120.96,120.96.,"x=1229.25,y=426.59,w=135.36,h=38.3"
2026-09-05T16:32:09+02:00,107.59,107.59.,"x=1229.25,y=426.59,w=135.36,h=38.3"
2026-09-05T16:32:10+02:00,107.59,107.59.,"x=1229.25,y=426.59,w=135.36,h=38.3"
2026-09-05T16:32:11+02:00,104.05,104.05.,"x=1229.25,y=426.59,w=135.36,h=38.3"
2026-09-05T16:32:12+02:00,104.05,104.05.,"x=1229.25,y=426.59,w=135.36,h=38.3"
2026-09-05T16:32:13+02:00,105.91,105.91.,"x=1229.25,y=426.59,w=135.36,h=38.3"
2026-09-05T16:32:14+02:00,105.91,105.91.,"x=1229.25,y=426.59,w=135.36,h=38.3"
2026-09-05T16:32:15+02:00,112.57,112.57.,"x=1229.25,y=426.59,w=135.36,h=38.3"
2026-09-05T16:32:16+02:00,112.57,112.57.,"x=1229.25,y=426.59,w=135.36,h=38.3"
2026-09-05T16:32:17+02:00,120.27,120.27.,"x=1229.25,y=426.59,w=135.36,h=38.3"
2026-09-05T16:32:18+02:00,120.27,120.27.,"x=1229.25,y=426.59,w=135.36,h=38.3"
2026-09-05T16:32:19+02:00,108.45,108.45.,"x=1229.25,y=426.59,w=135.36,h=38.3"
2026-09-05T16:32:20+02:00,108.45,108.45.,"x=1229.25,y=426.59,w=135.36,h=38.3"
2026-09-05T16:32:21+02:00,106.88,106.88.,"x=1229.25,y=426.59,w=135.36,h=38.3"
2026-09-05T16:32:22+02:00,106.88,106.88.,"x=1229.25,y=426.59,w=135.36,h=38.3"
2026-09-05T16:32:23+02:00,104.45,104.45.,"x=1229.25,y=426.59,w=135.36,h=38.3"
2026-09-05T16:32:24+02:00,104.45,104.45.,"x=1229.25,y=426.59,w=135.36,h=38.3"
2026-09-05T16:32:25+02:00,104.85,104.85.,"x=1229.25,y=426.59,w=135.36,h=38.3"
2026-09-05T16:32:26+02:00,104.85,104.85.,"x=1229.25,y=426.59,w=135.36,h=38.3"
2026-09-05T16:32:27+02:00,132.58,132.58.,"x=1229.25,y=426.59,w=135.36,h=38.3"
2026-09-05T16:32:28+02:00,132.58,132.58.,"x=1229.25,y=426.59,w=135.36,h=38.3"
2026-09-05T16:32:29+02:00,106.12,106.12.,"x=1229.25,y=426.59,w=135.36,h=38.3"
2026-09-05T16:32:30+02:00,106.12,106.12.,"x=1229.25,y=426.59,w=135.36,h=38.3"
2026-09-05T16:32:31+02:00,105.85,105.85.,"x=1229.25,y=426.59,w=135.36,h=38.3"
2026-09-05T16:32:32+02:00,105.85,105.85.,"x=1229.25,y=426.59,w=135.36,h=38.3"
2026-09-05T16:32:33+02:00,111.11,111.11.,"x=1229.25,y=426.59,w=135.36,h=38.3"
2026-09-05T16:32:34+02:00,111.11,111.11.,"x=1229.25,y=426.59,w=135.36,h=38.3"
2026-09-05T16:32:35+02:00,109.31,109.31.,"x=1229.25,y=426.59,w=135.36,h=38.3"