answer,left_method,participant,right_method,test_case,verification
Native4K,VSR_480,da2e0c93-b97f-4516-987e-ce34f960512d,Native4K,sparks,
Native4K,VSR_360,da2e0c93-b97f-4516-987e-ce34f960512d,Native4K,racenight_verification,Native4K
Native4K,VSR_360,da2e0c93-b97f-4516-987e-ce34f960512d,Native4K,meridian_verification,Native4K
VSR_720,VSR_720,da2e0c93-b97f-4516-987e-ce34f960512d,Native4K,meridian,
Native4K,Native4K,da2e0c93-b97f-4516-987e-ce34f960512d,VSR_720,tearsofsteel,
Native4K,Native4K,da2e0c93-b97f-4516-987e-ce34f960512d,VSR_720,tearsofsteel,
Native4K,Native4K,da2e0c93-b97f-4516-987e-ce34f960512d,VSR_480,sparks,
VSR_720,Native4K,da2e0c93-b97f-4516-987e-ce34f960512d,VSR_720,tearsofsteel,
Native4K,Native4K,da2e0c93-b97f-4516-987e-ce34f960512d,VSR_360,racenight,
,Native4K,da2e0c93-b97f-4516-987e-ce34f960512d,VSR_1080,beauty,
,VSR_360,da2e0c93-b97f-4516-987e-ce34f960512d,Native4K,jockey,
,Native4K,da2e0c93-b97f-4516-987e-ce34f960512d,VSR_1080,sollevante,
Native4K,Native4K,61cbd411-8f1b-414d-b6f1-3996ccd4785b,VSR_360,jockey,
VSR_720,Native4K,61cbd411-8f1b-414d-b6f1-3996ccd4785b,VSR_720,jockey,
Native4K,VSR_480,61cbd411-8f1b-414d-b6f1-3996ccd4785b,Native4K,sollevante,
Native4K,Native4K,61cbd411-8f1b-414d-b6f1-3996ccd4785b,VSR_360,racenight_verification,Native4K
VSR_1080,Native4K,61cbd411-8f1b-414d-b6f1-3996ccd4785b,VSR_1080,sparks,
VSR_1080,VSR_1080,61cbd411-8f1b-414d-b6f1-3996ccd4785b,Native4K,sparks,
VSR_1080,VSR_1080,61cbd411-8f1b-414d-b6f1-3996ccd4785b,Native4K,sparks,
Native4K,Native4K,61cbd411-8f1b-414d-b6f1-3996ccd4785b,VSR_1080,sparks,
Native4K,VSR_480,61cbd411-8f1b-414d-b6f1-3996ccd4785b,Native4K,racenight,
VSR_480,Native4K,61cbd411-8f1b-414d-b6f1-3996ccd4785b,VSR_480,tearsofsteel,
Native4K,Native4K,61cbd411-8f1b-414d-b6f1-3996ccd4785b,VSR_720,jockey,
Native4K,VSR_360,61cbd411-8f1b-414d-b6f1-3996ccd4785b,Native4K,meridian_verification,Native4K
,VSR_360,e54d82c3-b4d8-4fd0-bb4c-befdf952e9a3,Native4K,sollevante,
Native4K,Native4K,e54d82c3-b4d8-4fd0-bb4c-befdf952e9a3,VSR_360,meridian_verification,Native4K
,Native4K,e54d82c3-b4d8-4fd0-bb4c-befdf952e9a3,VSR_720,sollevante,
Native4K,VSR_360,e54d82c3-b4d8-4fd0-bb4c-befdf952e9a3,Native4K,racenight_verification,Native4K
VSR_1080,Native4K,e54d82c3-b4d8-4fd0-bb4c-befdf952e9a3,VSR_1080,racenight,
Native4K,Native4K,e54d82c3-b4d8-4fd0-bb4c-befdf952e9a3,VSR_1080,racenight,
VSR_1080,VSR_1080,e54d82c3-b4d8-4fd0-bb4c-befdf952e9a3,Native4K,sparks,
VSR_720,Native4K,e54d82c3-b4d8-4fd0-bb4c-befdf952e9a3,VSR_720,jockey,
Native4K,Native4K,e54d82c3-b4d8-4fd0-bb4c-befdf952e9a3,VSR_360,sunflower,
Native4K,VSR_360,e54d82c3-b4d8-4fd0-bb4c-befdf952e9a3,Native4K,sunflower,
,VSR_480,e54d82c3-b4d8-4fd0-bb4c-befdf952e9a3,Native4K,meridian,
,VSR_480,e54d82c3-b4d8-4fd0-bb4c-befdf952e9a3,Native4K,sunflower,
,Native4K,abdd32a5-37fa-4052-8dfe-a963b497ade1,VSR_1080,meridian,
,VSR_720,abdd32a5-37fa-4052-8dfe-a963b497ade1,Native4K,sunflower,
,Native4K,abdd32a5-37fa-4052-8dfe-a963b497ade1,VSR_1080,sollevante,
,Native4K,abdd32a5-37fa-4052-8dfe-a963b497ade1,VSR_720,sunflower,
,VSR_720,abdd32a5-37fa-4052-8dfe-a963b497ade1,Native4K,sunflower,
Native4K,Native4K,abdd32a5-37fa-4052-8dfe-a963b497ade1,VSR_360,meridian_verification,Native4K
Native4K,VSR_360,abdd32a5-37fa-4052-8dfe-a963b497ade1,Native4K,beauty,
,VSR_720,abdd32a5-37fa-4052-8dfe-a963b497ade1,Native4K,sparks,
Native4K,VSR_360,abdd32a5-37fa-4052-8dfe-a963b497ade1,Native4K,racenight_verification,Native4K
Native4K,Native4K,abdd32a5-37fa-4052-8dfe-a963b497ade1,VSR_360,beauty,
,Native4K,abdd32a5-37fa-4052-8dfe-a963b497ade1,VSR_720,sparks,
,VSR_1080,abdd32a5-37fa-4052-8dfe-a963b497ade1,Native4K,tearsofsteel,
VSR_1080,VSR_1080,cfa0610a-4caf-40cc-ad63-475a33c5992a,Native4K,jockey,
Native4K,Native4K,cfa0610a-4caf-40cc-ad63-475a33c5992a,VSR_360,sparks,
Native4K,VSR_360,cfa0610a-4caf-40cc-ad63-475a33c5992a,Native4K,sunflower,
Native4K,VSR_360,cfa0610a-4caf-40cc-ad63-475a33c5992a,Native4K,sparks,
VSR_1080,VSR_1080,cfa0610a-4caf-40cc-ad63-475a33c5992a,Native4K,jockey,
Native4K,Native4K,cfa0610a-4caf-40cc-ad63-475a33c5992a,VSR_360,meridian_verification,Native4K
Native4K,VSR_360,cfa0610a-4caf-40cc-ad63-475a33c5992a,Native4K,racenight_verification,Native4K
VSR_480,Native4K,cfa0610a-4caf-40cc-ad63-475a33c5992a,VSR_480,beauty,
,VSR_720,cfa0610a-4caf-40cc-ad63-475a33c5992a,Native4K,racenight,
Native4K,VSR_360,cfa0610a-4caf-40cc-ad63-475a33c5992a,Native4K,sparks,
,Native4K,cfa0610a-4caf-40cc-ad63-475a33c5992a,VSR_1080,meridian,
Native4K,VSR_360,cfa0610a-4caf-40cc-ad63-475a33c5992a,Native4K,sparks,
Native4K,VSR_480,69ced775-cf65-44a1-bfc6-33f26213966e,Native4K,beauty,
Native4K,Native4K,69ced775-cf65-44a1-bfc6-33f26213966e,VSR_360,meridian_verification,Native4K
Native4K,Native4K,69ced775-cf65-44a1-bfc6-33f26213966e,VSR_360,beauty,
VSR_720,Native4K,69ced775-cf65-44a1-bfc6-33f26213966e,VSR_720,racenight,
Native4K,Native4K,69ced775-cf65-44a1-bfc6-33f26213966e,VSR_720,racenight,
VSR_480,Native4K,69ced775-cf65-44a1-bfc6-33f26213966e,VSR_480,beauty,
VSR_480,VSR_480,69ced775-cf65-44a1-bfc6-33f26213966e,Native4K,beauty,
Native4K,Native4K,69ced775-cf65-44a1-bfc6-33f26213966e,VSR_360,sparks,
Native4K,Native4K,69ced775-cf65-44a1-bfc6-33f26213966e,VSR_1080,tearsofsteel,
Native4K,VSR_360,69ced775-cf65-44a1-bfc6-33f26213966e,Native4K,racenight_verification,Native4K
Native4K,VSR_1080,69ced775-cf65-44a1-bfc6-33f26213966e,Native4K,jockey,
Native4K,VSR_1080,69ced775-cf65-44a1-bfc6-33f26213966e,Native4K,jockey,
Native4K,Native4K,50e3b154-5833-4303-9fc7-a9277d78b41c,VSR_1080,sparks,
Native4K,VSR_360,50e3b154-5833-4303-9fc7-a9277d78b41c,Native4K,meridian_verification,Native4K
Native4K,Native4K,50e3b154-5833-4303-9fc7-a9277d78b41c,VSR_720,beauty,
Native4K,Native4K,50e3b154-5833-4303-9fc7-a9277d78b41c,VSR_480,meridian,
VSR_1080,VSR_1080,50e3b154-5833-4303-9fc7-a9277d78b41c,Native4K,jockey,
Native4K,Native4K,50e3b154-5833-4303-9fc7-a9277d78b41c,VSR_720,beauty,
Native4K,VSR_360,50e3b154-5833-4303-9fc7-a9277d78b41c,Native4K,sunflower,
Native4K,Native4K,50e3b154-5833-4303-9fc7-a9277d78b41c,VSR_720,beauty,
Native4K,Native4K,50e3b154-5833-4303-9fc7-a9277d78b41c,VSR_480,sollevante,
Native4K,VSR_480,50e3b154-5833-4303-9fc7-a9277d78b41c,Native4K,racenight,
Native4K,Native4K,50e3b154-5833-4303-9fc7-a9277d78b41c,VSR_720,beauty,
Native4K,Native4K,50e3b154-5833-4303-9fc7-a9277d78b41c,VSR_360,racenight_verification,Native4K
Native4K,Native4K,b0891ac1-1afd-4494-a112-a9f6f37b22ec,VSR_360,meridian_verification,Native4K
Native4K,Native4K,b0891ac1-1afd-4494-a112-a9f6f37b22ec,VSR_480,sparks,
Native4K,VSR_480,b0891ac1-1afd-4494-a112-a9f6f37b22ec,Native4K,jockey,
,Native4K,b0891ac1-1afd-4494-a112-a9f6f37b22ec,VSR_720,racenight,
,VSR_720,b0891ac1-1afd-4494-a112-a9f6f37b22ec,Native4K,sunflower,
Native4K,VSR_480,b0891ac1-1afd-4494-a112-a9f6f37b22ec,Native4K,sparks,
Native4K,Native4K,b0891ac1-1afd-4494-a112-a9f6f37b22ec,VSR_360,racenight_verification,Native4K
VSR_720,Native4K,b0891ac1-1afd-4494-a112-a9f6f37b22ec,VSR_720,sollevante,
Native4K,Native4K,b0891ac1-1afd-4494-a112-a9f6f37b22ec,VSR_480,jockey,
Native4K,Native4K,b0891ac1-1afd-4494-a112-a9f6f37b22ec,VSR_480,jockey,
,Native4K,b0891ac1-1afd-4494-a112-a9f6f37b22ec,VSR_480,jockey,
,VSR_1080,b0891ac1-1afd-4494-a112-a9f6f37b22ec,Native4K,racenight,
Native4K,Native4K,e1b761bc-2e25-4353-8a4e-986b1fd1af4e,VSR_480,sparks,
Native4K,VSR_360,e1b761bc-2e25-4353-8a4e-986b1fd1af4e,Native4K,meridian_verification,Native4K
VSR_720,Native4K,e1b761bc-2e25-4353-8a4e-986b1fd1af4e,VSR_720,sunflower,
Native4K,VSR_480,e1b761bc-2e25-4353-8a4e-986b1fd1af4e,Native4K,beauty,
VSR_720,VSR_720,e1b761bc-2e25-4353-8a4e-986b1fd1af4e,Native4K,meridian,
Native4K,VSR_480,e1b761bc-2e25-4353-8a4e-986b1fd1af4e,Native4K,sparks,
Native4K,Native4K,e1b761bc-2e25-4353-8a4e-986b1fd1af4e,VSR_360,sollevante,
Native4K,VSR_480,e1b761bc-2e25-4353-8a4e-986b1fd1af4e,Native4K,jockey,
Native4K,Native4K,e1b761bc-2e25-4353-8a4e-986b1fd1af4e,VSR_360,sollevante,
Native4K,Native4K,e1b761bc-2e25-4353-8a4e-986b1fd1af4e,VSR_360,racenight_verification,Native4K
VSR_480,Native4K,e1b761bc-2e25-4353-8a4e-986b1fd1af4e,VSR_480,beauty,
VSR_720,Native4K,e1b761bc-2e25-4353-8a4e-986b1fd1af4e,VSR_720,sollevante,
Native4K,Native4K,9e45d083-b131-4401-ab72-ccf6600231bd,VSR_360,meridian,
Native4K,Native4K,9e45d083-b131-4401-ab72-ccf6600231bd,VSR_360,meridian,
,VSR_1080,9e45d083-b131-4401-ab72-ccf6600231bd,Native4K,sparks,
Native4K,Native4K,9e45d083-b131-4401-ab72-ccf6600231bd,VSR_360,racenight_verification,Native4K
VSR_360,Native4K,9e45d083-b131-4401-ab72-ccf6600231bd,VSR_360,jockey,
Native4K,Native4K,9e45d083-b131-4401-ab72-ccf6600231bd,VSR_720,sparks,
Native4K,VSR_480,9e45d083-b131-4401-ab72-ccf6600231bd,Native4K,sunflower,
Native4K,Native4K,9e45d083-b131-4401-ab72-ccf6600231bd,VSR_360,meridian,
Native4K,VSR_480,9e45d083-b131-4401-ab72-ccf6600231bd,Native4K,sunflower,
Native4K,VSR_360,9e45d083-b131-4401-ab72-ccf6600231bd,Native4K,meridian,
Native4K,Native4K,9e45d083-b131-4401-ab72-ccf6600231bd,VSR_360,meridian_verification,Native4K
,Native4K,9e45d083-b131-4401-ab72-ccf6600231bd,VSR_1080,sunflower,
VSR_720,VSR_720,e13a8378-8c70-4371-a61f-56287606a50c,Native4K,tearsofsteel,
VSR_1080,VSR_1080,e13a8378-8c70-4371-a61f-56287606a50c,Native4K,beauty,
Native4K,VSR_360,e13a8378-8c70-4371-a61f-56287606a50c,Native4K,racenight_verification,Native4K
Native4K,Native4K,e13a8378-8c70-4371-a61f-56287606a50c,VSR_480,sunflower,
VSR_1080,Native4K,e13a8378-8c70-4371-a61f-56287606a50c,VSR_1080,jockey,
Native4K,Native4K,e13a8378-8c70-4371-a61f-56287606a50c,VSR_360,meridian_verification,Native4K
Native4K,VSR_1080,e13a8378-8c70-4371-a61f-56287606a50c,Native4K,jockey,
Native4K,VSR_360,e13a8378-8c70-4371-a61f-56287606a50c,Native4K,sunflower,
Native4K,Native4K,e13a8378-8c70-4371-a61f-56287606a50c,VSR_360,meridian,
Native4K,VSR_360,e13a8378-8c70-4371-a61f-56287606a50c,Native4K,sparks,
Native4K,Native4K,e13a8378-8c70-4371-a61f-56287606a50c,VSR_360,sollevante,
Native4K,VSR_1080,e13a8378-8c70-4371-a61f-56287606a50c,Native4K,sunflower,
Native4K,VSR_480,02ac065c-31db-42c1-b1a7-d9cf044a9234,Native4K,beauty,
Native4K,Native4K,02ac065c-31db-42c1-b1a7-d9cf044a9234,VSR_480,beauty,
Native4K,Native4K,02ac065c-31db-42c1-b1a7-d9cf044a9234,VSR_480,meridian,
Native4K,Native4K,02ac065c-31db-42c1-b1a7-d9cf044a9234,VSR_360,racenight_verification,Native4K
Native4K,Native4K,02ac065c-31db-42c1-b1a7-d9cf044a9234,VSR_360,sollevante,
VSR_720,Native4K,02ac065c-31db-42c1-b1a7-d9cf044a9234,VSR_720,racenight,
Native4K,Native4K,02ac065c-31db-42c1-b1a7-d9cf044a9234,VSR_360,sollevante,
Native4K,VSR_480,02ac065c-31db-42c1-b1a7-d9cf044a9234,Native4K,beauty,
VSR_720,Native4K,02ac065c-31db-42c1-b1a7-d9cf044a9234,VSR_720,racenight,
VSR_1080,VSR_1080,02ac065c-31db-42c1-b1a7-d9cf044a9234,Native4K,tearsofsteel,
Native4K,Native4K,02ac065c-31db-42c1-b1a7-d9cf044a9234,VSR_1080,sparks,
Native4K,VSR_360,02ac065c-31db-42c1-b1a7-d9cf044a9234,Native4K,meridian_verification,Native4K
Native4K,VSR_360,14dda1b0-0d05-45d0-8dee-6a52363d6da9,Native4K,meridian_verification,Native4K
VSR_720,Native4K,14dda1b0-0d05-45d0-8dee-6a52363d6da9,VSR_720,sollevante,
,VSR_720,14dda1b0-0d05-45d0-8dee-6a52363d6da9,Native4K,meridian,
VSR_720,VSR_720,14dda1b0-0d05-45d0-8dee-6a52363d6da9,Native4K,jockey,
Native4K,VSR_480,14dda1b0-0d05-45d0-8dee-6a52363d6da9,Native4K,racenight,
Native4K,VSR_480,14dda1b0-0d05-45d0-8dee-6a52363d6da9,Native4K,racenight,
VSR_720,VSR_720,14dda1b0-0d05-45d0-8dee-6a52363d6da9,Native4K,sollevante,
Native4K,VSR_360,14dda1b0-0d05-45d0-8dee-6a52363d6da9,Native4K,racenight_verification,Native4K
VSR_1080,VSR_1080,14dda1b0-0d05-45d0-8dee-6a52363d6da9,Native4K,sollevante,
Native4K,Native4K,14dda1b0-0d05-45d0-8dee-6a52363d6da9,VSR_480,meridian,
VSR_360,Native4K,14dda1b0-0d05-45d0-8dee-6a52363d6da9,VSR_360,beauty,
VSR_1080,Native4K,14dda1b0-0d05-45d0-8dee-6a52363d6da9,VSR_1080,tearsofsteel,
VSR_360,Native4K,5f510073-a786-4c10-9b55-8132245c73d4,VSR_360,jockey,
Native4K,Native4K,5f510073-a786-4c10-9b55-8132245c73d4,VSR_360,sollevante,
VSR_1080,Native4K,5f510073-a786-4c10-9b55-8132245c73d4,VSR_1080,sparks,
Native4K,Native4K,5f510073-a786-4c10-9b55-8132245c73d4,VSR_1080,sunflower,
Native4K,VSR_1080,5f510073-a786-4c10-9b55-8132245c73d4,Native4K,sparks,
Native4K,Native4K,5f510073-a786-4c10-9b55-8132245c73d4,VSR_1080,racenight,
Native4K,Native4K,5f510073-a786-4c10-9b55-8132245c73d4,VSR_360,sollevante,
VSR_1080,Native4K,5f510073-a786-4c10-9b55-8132245c73d4,VSR_1080,racenight,
VSR_1080,VSR_1080,5f510073-a786-4c10-9b55-8132245c73d4,Native4K,racenight,
Native4K,VSR_360,5f510073-a786-4c10-9b55-8132245c73d4,Native4K,meridian_verification,Native4K
VSR_360,Native4K,5f510073-a786-4c10-9b55-8132245c73d4,VSR_360,jockey,
Native4K,VSR_360,5f510073-a786-4c10-9b55-8132245c73d4,Native4K,racenight_verification,Native4K
Native4K,Native4K,97b10176-5151-4bcf-8844-00a0d40d79dc,VSR_360,racenight_verification,Native4K
VSR_720,Native4K,97b10176-5151-4bcf-8844-00a0d40d79dc,VSR_720,sollevante,
Native4K,VSR_720,97b10176-5151-4bcf-8844-00a0d40d79dc,Native4K,tearsofsteel,
Native4K,Native4K,97b10176-5151-4bcf-8844-00a0d40d79dc,VSR_360,sparks,
Native4K,VSR_720,97b10176-5151-4bcf-8844-00a0d40d79dc,Native4K,beauty,
VSR_720,Native4K,97b10176-5151-4bcf-8844-00a0d40d79dc,VSR_720,beauty,
Native4K,VSR_360,97b10176-5151-4bcf-8844-00a0d40d79dc,Native4K,meridian_verification,Native4K
VSR_720,Native4K,97b10176-5151-4bcf-8844-00a0d40d79dc,VSR_720,tearsofsteel,
Native4K,VSR_720,97b10176-5151-4bcf-8844-00a0d40d79dc,Native4K,beauty,
VSR_720,VSR_720,97b10176-5151-4bcf-8844-00a0d40d79dc,Native4K,jockey,
Native4K,VSR_720,97b10176-5151-4bcf-8844-00a0d40d79dc,Native4K,beauty,
,VSR_480,97b10176-5151-4bcf-8844-00a0d40d79dc,Native4K,racenight,
,VSR_480,997b9def-df6a-4127-90cc-6ff32ae9aba8,Native4K,beauty,
VSR_720,Native4K,997b9def-df6a-4127-90cc-6ff32ae9aba8,VSR_720,sunflower,
Native4K,VSR_480,997b9def-df6a-4127-90cc-6ff32ae9aba8,Native4K,tearsofsteel,
,Native4K,997b9def-df6a-4127-90cc-6ff32ae9aba8,VSR_1080,beauty,
VSR_480,Native4K,997b9def-df6a-4127-90cc-6ff32ae9aba8,VSR_480,sparks,
Native4K,VSR_480,997b9def-df6a-4127-90cc-6ff32ae9aba8,Native4K,tearsofsteel,
Native4K,VSR_360,997b9def-df6a-4127-90cc-6ff32ae9aba8,Native4K,racenight,
VSR_720,VSR_720,997b9def-df6a-4127-90cc-6ff32ae9aba8,Native4K,sunflower,
VSR_1080,Native4K,997b9def-df6a-4127-90cc-6ff32ae9aba8,VSR_1080,sparks,
Native4K,Native4K,997b9def-df6a-4127-90cc-6ff32ae9aba8,VSR_360,racenight_verification,Native4K
Native4K,VSR_360,997b9def-df6a-4127-90cc-6ff32ae9aba8,Native4K,racenight,
Native4K,VSR_360,997b9def-df6a-4127-90cc-6ff32ae9aba8,Native4K,meridian_verification,Native4K
,Native4K,5b02b8b3-608f-444e-ac90-e84187346e82,VSR_480,jockey,
Native4K,VSR_480,5b02b8b3-608f-444e-ac90-e84187346e82,Native4K,sunflower,
,VSR_1080,5b02b8b3-608f-444e-ac90-e84187346e82,Native4K,jockey,
,VSR_1080,5b02b8b3-608f-444e-ac90-e84187346e82,Native4K,racenight,
Native4K,Native4K,5b02b8b3-608f-444e-ac90-e84187346e82,VSR_480,sunflower,
Native4K,Native4K,5b02b8b3-608f-444e-ac90-e84187346e82,VSR_360,sparks,
Native4K,VSR_360,5b02b8b3-608f-444e-ac90-e84187346e82,Native4K,racenight_verification,Native4K
Native4K,VSR_360,5b02b8b3-608f-444e-ac90-e84187346e82,Native4K,meridian_verification,Native4K
,Native4K,5b02b8b3-608f-444e-ac90-e84187346e82,VSR_720,tearsofsteel,
Native4K,Native4K,5b02b8b3-608f-444e-ac90-e84187346e82,VSR_480,sunflower,
Native4K,Native4K,5b02b8b3-608f-444e-ac90-e84187346e82,VSR_360,sparks,
,VSR_1080,5b02b8b3-608f-444e-ac90-e84187346e82,Native4K,tearsofsteel,
,Native4K,db9a2d87-afe8-4e2f-99d9-657c0442e504,VSR_1080,meridian,
,VSR_360,db9a2d87-afe8-4e2f-99d9-657c0442e504,Native4K,jockey,
,Native4K,db9a2d87-afe8-4e2f-99d9-657c0442e504,VSR_480,sollevante,
Native4K,Native4K,db9a2d87-afe8-4e2f-99d9-657c0442e504,VSR_480,racenight,
,VSR_1080,db9a2d87-afe8-4e2f-99d9-657c0442e504,Native4K,meridian,
,Native4K,db9a2d87-afe8-4e2f-99d9-657c0442e504,VSR_1080,meridian,
,VSR_480,db9a2d87-afe8-4e2f-99d9-657c0442e504,Native4K,sollevante,
,VSR_720,db9a2d87-afe8-4e2f-99d9-657c0442e504,Native4K,meridian,
VSR_480,VSR_480,db9a2d87-afe8-4e2f-99d9-657c0442e504,Native4K,beauty,
Native4K,VSR_360,db9a2d87-afe8-4e2f-99d9-657c0442e504,Native4K,racenight_verification,Native4K
,VSR_480,db9a2d87-afe8-4e2f-99d9-657c0442e504,Native4K,sollevante,
Native4K,Native4K,db9a2d87-afe8-4e2f-99d9-657c0442e504,VSR_360,meridian_verification,Native4K
,Native4K,b902e1de-1e3a-477f-ada0-32736bd6aff9,VSR_720,meridian,
Native4K,Native4K,b902e1de-1e3a-477f-ada0-32736bd6aff9,VSR_360,racenight_verification,Native4K
VSR_720,Native4K,b902e1de-1e3a-477f-ada0-32736bd6aff9,VSR_720,tearsofsteel,
Native4K,Native4K,b902e1de-1e3a-477f-ada0-32736bd6aff9,VSR_360,sunflower,
Native4K,VSR_480,b902e1de-1e3a-477f-ada0-32736bd6aff9,Native4K,sparks,
Native4K,VSR_360,b902e1de-1e3a-477f-ada0-32736bd6aff9,Native4K,tearsofsteel,
,VSR_1080,b902e1de-1e3a-477f-ada0-32736bd6aff9,Native4K,meridian,
,Native4K,b902e1de-1e3a-477f-ada0-32736bd6aff9,VSR_360,jockey,
Native4K,Native4K,b902e1de-1e3a-477f-ada0-32736bd6aff9,VSR_360,beauty,
Native4K,VSR_360,b902e1de-1e3a-477f-ada0-32736bd6aff9,Native4K,meridian_verification,Native4K
Native4K,Native4K,b902e1de-1e3a-477f-ada0-32736bd6aff9,VSR_480,beauty,
,VSR_1080,b902e1de-1e3a-477f-ada0-32736bd6aff9,Native4K,meridian,
Native4K,Native4K,721ae404-1d8e-40e4-9fe8-056132e2b670,VSR_720,jockey,
Native4K,Native4K,721ae404-1d8e-40e4-9fe8-056132e2b670,VSR_480,tearsofsteel,
VSR_1080,VSR_1080,721ae404-1d8e-40e4-9fe8-056132e2b670,Native4K,jockey,
Native4K,VSR_720,721ae404-1d8e-40e4-9fe8-056132e2b670,Native4K,sparks,
Native4K,Native4K,721ae404-1d8e-40e4-9fe8-056132e2b670,VSR_360,sollevante,
Native4K,VSR_360,721ae404-1d8e-40e4-9fe8-056132e2b670,Native4K,meridian_verification,Native4K
Native4K,Native4K,721ae404-1d8e-40e4-9fe8-056132e2b670,VSR_480,tearsofsteel,
Native4K,Native4K,721ae404-1d8e-40e4-9fe8-056132e2b670,VSR_360,racenight_verification,Native4K
VSR_480,Native4K,721ae404-1d8e-40e4-9fe8-056132e2b670,VSR_480,jockey,
Native4K,VSR_360,721ae404-1d8e-40e4-9fe8-056132e2b670,Native4K,sollevante,
VSR_480,Native4K,721ae404-1d8e-40e4-9fe8-056132e2b670,VSR_480,sollevante,
Native4K,Native4K,721ae404-1d8e-40e4-9fe8-056132e2b670,VSR_720,tearsofsteel,
,Native4K,a9aa08ea-13cd-444d-9f29-a96e70915abe,VSR_1080,sollevante,
,VSR_720,a9aa08ea-13cd-444d-9f29-a96e70915abe,Native4K,jockey,
,VSR_1080,a9aa08ea-13cd-444d-9f29-a96e70915abe,Native4K,racenight,
Native4K,Native4K,a9aa08ea-13cd-444d-9f29-a96e70915abe,VSR_480,tearsofsteel,
,Native4K,a9aa08ea-13cd-444d-9f29-a96e70915abe,VSR_720,jockey,
Native4K,Native4K,a9aa08ea-13cd-444d-9f29-a96e70915abe,VSR_480,tearsofsteel,
Native4K,Native4K,a9aa08ea-13cd-444d-9f29-a96e70915abe,VSR_360,meridian_verification,Native4K
Native4K,Native4K,a9aa08ea-13cd-444d-9f29-a96e70915abe,VSR_360,racenight_verification,Native4K
Native4K,VSR_480,a9aa08ea-13cd-444d-9f29-a96e70915abe,Native4K,meridian,
,Native4K,a9aa08ea-13cd-444d-9f29-a96e70915abe,VSR_720,jockey,
,Native4K,a9aa08ea-13cd-444d-9f29-a96e70915abe,VSR_1080,sollevante,
,Native4K,a9aa08ea-13cd-444d-9f29-a96e70915abe,VSR_1080,sunflower,
VSR_480,Native4K,07fa1940-29d6-43ef-b437-004be66df779,VSR_480,tearsofsteel,
Native4K,VSR_360,07fa1940-29d6-43ef-b437-004be66df779,Native4K,sunflower,
Native4K,Native4K,07fa1940-29d6-43ef-b437-004be66df779,VSR_360,racenight,
Native4K,Native4K,07fa1940-29d6-43ef-b437-004be66df779,VSR_480,sunflower,
Native4K,Native4K,07fa1940-29d6-43ef-b437-004be66df779,VSR_360,racenight_verification,Native4K
Native4K,Native4K,07fa1940-29d6-43ef-b437-004be66df779,VSR_360,racenight,
Native4K,VSR_360,07fa1940-29d6-43ef-b437-004be66df779,Native4K,meridian_verification,Native4K
Native4K,VSR_360,07fa1940-29d6-43ef-b437-004be66df779,Native4K,sparks,
VSR_720,Native4K,07fa1940-29d6-43ef-b437-004be66df779,VSR_720,tearsofsteel,
VSR_720,Native4K,07fa1940-29d6-43ef-b437-004be66df779,VSR_720,tearsofsteel,
VSR_360,VSR_360,07fa1940-29d6-43ef-b437-004be66df779,Native4K,meridian,
Native4K,Native4K,07fa1940-29d6-43ef-b437-004be66df779,VSR_360,meridian,
Native4K,VSR_360,d07dab6a-68d3-49ff-9d42-d7a734c27d6e,Native4K,racenight,
,VSR_720,d07dab6a-68d3-49ff-9d42-d7a734c27d6e,Native4K,beauty,
,Native4K,d07dab6a-68d3-49ff-9d42-d7a734c27d6e,VSR_1080,sunflower,
Native4K,Native4K,d07dab6a-68d3-49ff-9d42-d7a734c27d6e,VSR_1080,sparks,
Native4K,Native4K,d07dab6a-68d3-49ff-9d42-d7a734c27d6e,VSR_1080,tearsofsteel,
Native4K,Native4K,d07dab6a-68d3-49ff-9d42-d7a734c27d6e,VSR_360,meridian_verification,Native4K
Native4K,Native4K,d07dab6a-68d3-49ff-9d42-d7a734c27d6e,VSR_1080,tearsofsteel,
Native4K,VSR_480,d07dab6a-68d3-49ff-9d42-d7a734c27d6e,Native4K,jockey,
Native4K,Native4K,d07dab6a-68d3-49ff-9d42-d7a734c27d6e,VSR_360,racenight_verification,Native4K
Native4K,VSR_1080,d07dab6a-68d3-49ff-9d42-d7a734c27d6e,Native4K,tearsofsteel,
,Native4K,d07dab6a-68d3-49ff-9d42-d7a734c27d6e,VSR_720,sollevante,
,VSR_1080,d07dab6a-68d3-49ff-9d42-d7a734c27d6e,Native4K,meridian,
VSR_720,VSR_720,d4dc13ce-c97b-4556-b830-3680b2c5397b,Native4K,sunflower,
Native4K,Native4K,d4dc13ce-c97b-4556-b830-3680b2c5397b,VSR_720,sparks,
Native4K,VSR_360,d4dc13ce-c97b-4556-b830-3680b2c5397b,Native4K,beauty,
VSR_480,Native4K,d4dc13ce-c97b-4556-b830-3680b2c5397b,VSR_480,jockey,
Native4K,Native4K,d4dc13ce-c97b-4556-b830-3680b2c5397b,VSR_720,meridian,
,Native4K,d4dc13ce-c97b-4556-b830-3680b2c5397b,VSR_720,meridian,
VSR_480,Native4K,d4dc13ce-c97b-4556-b830-3680b2c5397b,VSR_480,sollevante,
Native4K,VSR_360,d4dc13ce-c97b-4556-b830-3680b2c5397b,Native4K,racenight_verification,Native4K
Native4K,Native4K,d4dc13ce-c97b-4556-b830-3680b2c5397b,VSR_480,meridian,
Native4K,VSR_360,d4dc13ce-c97b-4556-b830-3680b2c5397b,Native4K,sunflower,
Native4K,Native4K,d4dc13ce-c97b-4556-b830-3680b2c5397b,VSR_360,meridian_verification,Native4K
VSR_720,Native4K,d4dc13ce-c97b-4556-b830-3680b2c5397b,VSR_720,sollevante,
Native4K,Native4K,db64715b-b0a9-4406-93ac-eac27b9e0e30,VSR_480,sollevante,
Native4K,Native4K,db64715b-b0a9-4406-93ac-eac27b9e0e30,VSR_720,sparks,
Native4K,Native4K,db64715b-b0a9-4406-93ac-eac27b9e0e30,VSR_360,beauty,
Native4K,VSR_360,db64715b-b0a9-4406-93ac-eac27b9e0e30,Native4K,sunflower,
Native4K,VSR_720,db64715b-b0a9-4406-93ac-eac27b9e0e30,Native4K,sunflower,
Native4K,VSR_360,db64715b-b0a9-4406-93ac-eac27b9e0e30,Native4K,racenight_verification,Native4K
Native4K,Native4K,db64715b-b0a9-4406-93ac-eac27b9e0e30,VSR_480,meridian,
Native4K,VSR_480,db64715b-b0a9-4406-93ac-eac27b9e0e30,Native4K,sollevante,
Native4K,VSR_360,db64715b-b0a9-4406-93ac-eac27b9e0e30,Native4K,meridian_verification,Native4K
Native4K,Native4K,db64715b-b0a9-4406-93ac-eac27b9e0e30,VSR_360,beauty,
VSR_720,Native4K,db64715b-b0a9-4406-93ac-eac27b9e0e30,VSR_720,meridian,
VSR_720,VSR_720,db64715b-b0a9-4406-93ac-eac27b9e0e30,Native4K,sunflower,
Native4K,Native4K,ec6d7a45-590e-492a-accc-6f80dcf01a96,VSR_360,racenight,
VSR_720,VSR_720,ec6d7a45-590e-492a-accc-6f80dcf01a96,Native4K,racenight,
Native4K,VSR_360,ec6d7a45-590e-492a-accc-6f80dcf01a96,Native4K,meridian_verification,Native4K
Native4K,VSR_720,ec6d7a45-590e-492a-accc-6f80dcf01a96,Native4K,beauty,
VSR_720,Native4K,ec6d7a45-590e-492a-accc-6f80dcf01a96,VSR_720,beauty,
Native4K,Native4K,ec6d7a45-590e-492a-accc-6f80dcf01a96,VSR_360,sunflower,
VSR_720,Native4K,ec6d7a45-590e-492a-accc-6f80dcf01a96,VSR_720,tearsofsteel,
Native4K,Native4K,ec6d7a45-590e-492a-accc-6f80dcf01a96,VSR_1080,meridian,
VSR_720,Native4K,ec6d7a45-590e-492a-accc-6f80dcf01a96,VSR_720,jockey,
Native4K,Native4K,ec6d7a45-590e-492a-accc-6f80dcf01a96,VSR_480,tearsofsteel,
VSR_720,Native4K,ec6d7a45-590e-492a-accc-6f80dcf01a96,VSR_720,sollevante,
Native4K,VSR_360,ec6d7a45-590e-492a-accc-6f80dcf01a96,Native4K,racenight_verification,Native4K
Native4K,VSR_360,e5c8032d-24aa-40b7-9802-506379243e0a,Native4K,jockey,
Native4K,Native4K,e5c8032d-24aa-40b7-9802-506379243e0a,VSR_1080,jockey,
Native4K,VSR_360,e5c8032d-24aa-40b7-9802-506379243e0a,Native4K,beauty,
Native4K,VSR_480,e5c8032d-24aa-40b7-9802-506379243e0a,Native4K,sunflower,
Native4K,VSR_480,e5c8032d-24aa-40b7-9802-506379243e0a,Native4K,sunflower,
Native4K,VSR_480,e5c8032d-24aa-40b7-9802-506379243e0a,Native4K,sparks,
Native4K,Native4K,e5c8032d-24aa-40b7-9802-506379243e0a,VSR_360,sollevante,
VSR_360,VSR_360,e5c8032d-24aa-40b7-9802-506379243e0a,Native4K,jockey,
Native4K,VSR_360,e5c8032d-24aa-40b7-9802-506379243e0a,Native4K,racenight_verification,Native4K
Native4K,VSR_360,e5c8032d-24aa-40b7-9802-506379243e0a,Native4K,meridian_verification,Native4K
Native4K,VSR_360,e5c8032d-24aa-40b7-9802-506379243e0a,Native4K,tearsofsteel,
VSR_360,VSR_360,e5c8032d-24aa-40b7-9802-506379243e0a,Native4K,jockey,
Native4K,Native4K,e98def53-ffda-4f3e-bf89-3c62881157c3,VSR_360,racenight_verification,Native4K
Native4K,Native4K,e98def53-ffda-4f3e-bf89-3c62881157c3,VSR_360,meridian_verification,Native4K
Native4K,VSR_480,e98def53-ffda-4f3e-bf89-3c62881157c3,Native4K,sparks,
VSR_1080,VSR_1080,e98def53-ffda-4f3e-bf89-3c62881157c3,Native4K,sollevante,
Native4K,VSR_480,e98def53-ffda-4f3e-bf89-3c62881157c3,Native4K,sunflower,
Native4K,VSR_360,e98def53-ffda-4f3e-bf89-3c62881157c3,Native4K,racenight,
Native4K,Native4K,e98def53-ffda-4f3e-bf89-3c62881157c3,VSR_360,tearsofsteel,
VSR_1080,Native4K,e98def53-ffda-4f3e-bf89-3c62881157c3,VSR_1080,sollevante,
Native4K,VSR_360,e98def53-ffda-4f3e-bf89-3c62881157c3,Native4K,beauty,
Native4K,VSR_360,e98def53-ffda-4f3e-bf89-3c62881157c3,Native4K,sollevante,
Native4K,Native4K,e98def53-ffda-4f3e-bf89-3c62881157c3,VSR_360,tearsofsteel,
Native4K,Native4K,e98def53-ffda-4f3e-bf89-3c62881157c3,VSR_360,meridian,
Native4K,VSR_480,ff7cca87-e5b5-4871-bb41-2b965e1f4e1b,Native4K,beauty,
VSR_720,VSR_720,ff7cca87-e5b5-4871-bb41-2b965e1f4e1b,Native4K,racenight,
Native4K,VSR_360,ff7cca87-e5b5-4871-bb41-2b965e1f4e1b,Native4K,meridian_verification,Native4K
Native4K,Native4K,ff7cca87-e5b5-4871-bb41-2b965e1f4e1b,VSR_360,jockey,
Native4K,Native4K,ff7cca87-e5b5-4871-bb41-2b965e1f4e1b,VSR_480,sunflower,
VSR_720,VSR_720,ff7cca87-e5b5-4871-bb41-2b965e1f4e1b,Native4K,jockey,
VSR_360,VSR_360,ff7cca87-e5b5-4871-bb41-2b965e1f4e1b,Native4K,tearsofsteel,
Native4K,Native4K,ff7cca87-e5b5-4871-bb41-2b965e1f4e1b,VSR_360,racenight_verification,Native4K
Native4K,VSR_360,ff7cca87-e5b5-4871-bb41-2b965e1f4e1b,Native4K,meridian,
Native4K,Native4K,ff7cca87-e5b5-4871-bb41-2b965e1f4e1b,VSR_360,jockey,
VSR_360,Native4K,ff7cca87-e5b5-4871-bb41-2b965e1f4e1b,VSR_360,tearsofsteel,
VSR_720,VSR_720,ff7cca87-e5b5-4871-bb41-2b965e1f4e1b,Native4K,racenight,
,Native4K,02617029-0b44-4168-8452-b04103ed9190,VSR_1080,beauty,
VSR_480,Native4K,02617029-0b44-4168-8452-b04103ed9190,VSR_480,sollevante,
Native4K,Native4K,02617029-0b44-4168-8452-b04103ed9190,VSR_720,sparks,
VSR_1080,VSR_1080,02617029-0b44-4168-8452-b04103ed9190,Native4K,racenight,
Native4K,Native4K,02617029-0b44-4168-8452-b04103ed9190,VSR_360,meridian_verification,Native4K
Native4K,Native4K,02617029-0b44-4168-8452-b04103ed9190,VSR_360,racenight_verification,Native4K
,Native4K,02617029-0b44-4168-8452-b04103ed9190,VSR_1080,racenight,
Native4K,Native4K,02617029-0b44-4168-8452-b04103ed9190,VSR_480,tearsofsteel,
VSR_1080,VSR_1080,02617029-0b44-4168-8452-b04103ed9190,Native4K,sollevante,
,VSR_1080,02617029-0b44-4168-8452-b04103ed9190,Native4K,beauty,
,Native4K,02617029-0b44-4168-8452-b04103ed9190,VSR_1080,jockey,
,VSR_1080,02617029-0b44-4168-8452-b04103ed9190,Native4K,sollevante,
,Native4K,6cfb6f56-2445-433a-99cc-1c0b13dc0d1a,VSR_1080,racenight,
,Native4K,6cfb6f56-2445-433a-99cc-1c0b13dc0d1a,VSR_480,sollevante,
,VSR_720,6cfb6f56-2445-433a-99cc-1c0b13dc0d1a,Native4K,sparks,
Native4K,Native4K,6cfb6f56-2445-433a-99cc-1c0b13dc0d1a,VSR_360,meridian,
Native4K,VSR_360,6cfb6f56-2445-433a-99cc-1c0b13dc0d1a,Native4K,meridian_verification,Native4K
Native4K,Native4K,6cfb6f56-2445-433a-99cc-1c0b13dc0d1a,VSR_360,sunflower,
Native4K,VSR_360,6cfb6f56-2445-433a-99cc-1c0b13dc0d1a,Native4K,racenight_verification,Native4K
,VSR_720,6cfb6f56-2445-433a-99cc-1c0b13dc0d1a,Native4K,sunflower,
,Native4K,6cfb6f56-2445-433a-99cc-1c0b13dc0d1a,VSR_1080,beauty,
,VSR_1080,6cfb6f56-2445-433a-99cc-1c0b13dc0d1a,Native4K,racenight,
,VSR_1080,6cfb6f56-2445-433a-99cc-1c0b13dc0d1a,Native4K,sollevante,
,Native4K,6cfb6f56-2445-433a-99cc-1c0b13dc0d1a,VSR_1080,beauty,
Native4K,VSR_360,48448720-47b5-46f1-80e6-04f8a8953b04,Native4K,sparks,
Native4K,Native4K,48448720-47b5-46f1-80e6-04f8a8953b04,VSR_480,tearsofsteel,
VSR_1080,VSR_1080,48448720-47b5-46f1-80e6-04f8a8953b04,Native4K,meridian,
VSR_480,Native4K,48448720-47b5-46f1-80e6-04f8a8953b04,VSR_480,jockey,
VSR_1080,VSR_1080,48448720-47b5-46f1-80e6-04f8a8953b04,Native4K,meridian,
Native4K,Native4K,48448720-47b5-46f1-80e6-04f8a8953b04,VSR_360,racenight_verification,Native4K
Native4K,VSR_360,48448720-47b5-46f1-80e6-04f8a8953b04,Native4K,meridian_verification,Native4K
Native4K,VSR_480,48448720-47b5-46f1-80e6-04f8a8953b04,Native4K,jockey,
Native4K,VSR_360,48448720-47b5-46f1-80e6-04f8a8953b04,Native4K,sparks,
VSR_1080,Native4K,48448720-47b5-46f1-80e6-04f8a8953b04,VSR_1080,jockey,
Native4K,Native4K,48448720-47b5-46f1-80e6-04f8a8953b04,VSR_360,sunflower,
,VSR_720,48448720-47b5-46f1-80e6-04f8a8953b04,Native4K,sunflower,
Native4K,VSR_360,2d5ec99c-e98a-4a12-a23e-1c08053ba412,Native4K,racenight,
Native4K,VSR_1080,2d5ec99c-e98a-4a12-a23e-1c08053ba412,Native4K,tearsofsteel,
Native4K,Native4K,2d5ec99c-e98a-4a12-a23e-1c08053ba412,VSR_480,tearsofsteel,
VSR_480,Native4K,2d5ec99c-e98a-4a12-a23e-1c08053ba412,VSR_480,sollevante,
Native4K,VSR_360,2d5ec99c-e98a-4a12-a23e-1c08053ba412,Native4K,racenight_verification,Native4K
Native4K,Native4K,2d5ec99c-e98a-4a12-a23e-1c08053ba412,VSR_360,sparks,
Native4K,VSR_360,2d5ec99c-e98a-4a12-a23e-1c08053ba412,Native4K,sparks,
Native4K,VSR_360,2d5ec99c-e98a-4a12-a23e-1c08053ba412,Native4K,meridian_verification,Native4K
VSR_1080,Native4K,2d5ec99c-e98a-4a12-a23e-1c08053ba412,VSR_1080,beauty,
Native4K,Native4K,2d5ec99c-e98a-4a12-a23e-1c08053ba412,VSR_480,sparks,
,Native4K,2d5ec99c-e98a-4a12-a23e-1c08053ba412,VSR_720,sunflower,
Native4K,Native4K,2d5ec99c-e98a-4a12-a23e-1c08053ba412,VSR_480,sollevante,
VSR_480,VSR_480,6e7b97c5-ccfc-4313-b817-e699c6c052af,Native4K,sparks,
Native4K,VSR_720,6e7b97c5-ccfc-4313-b817-e699c6c052af,Native4K,meridian,
VSR_720,Native4K,6e7b97c5-ccfc-4313-b817-e699c6c052af,VSR_720,jockey,
VSR_1080,VSR_1080,6e7b97c5-ccfc-4313-b817-e699c6c052af,Native4K,tearsofsteel,
VSR_480,VSR_480,6e7b97c5-ccfc-4313-b817-e699c6c052af,Native4K,racenight,
VSR_480,VSR_480,6e7b97c5-ccfc-4313-b817-e699c6c052af,Native4K,racenight,
Native4K,VSR_360,6e7b97c5-ccfc-4313-b817-e699c6c052af,Native4K,meridian_verification,Native4K
VSR_480,VSR_480,6e7b97c5-ccfc-4313-b817-e699c6c052af,Native4K,racenight,
VSR_480,Native4K,6e7b97c5-ccfc-4313-b817-e699c6c052af,VSR_480,sparks,
VSR_480,VSR_480,6e7b97c5-ccfc-4313-b817-e699c6c052af,Native4K,meridian,
Native4K,Native4K,6e7b97c5-ccfc-4313-b817-e699c6c052af,VSR_480,sollevante,
Native4K,Native4K,6e7b97c5-ccfc-4313-b817-e699c6c052af,VSR_360,racenight_verification,Native4K
Native4K,VSR_720,72088f14-b2cc-48d9-a7fa-834bd311c125,Native4K,sollevante,
VSR_720,Native4K,72088f14-b2cc-48d9-a7fa-834bd311c125,VSR_720,jockey,
,VSR_480,72088f14-b2cc-48d9-a7fa-834bd311c125,Native4K,sunflower,
VSR_720,Native4K,72088f14-b2cc-48d9-a7fa-834bd311c125,VSR_720,sollevante,
Native4K,VSR_360,72088f14-b2cc-48d9-a7fa-834bd311c125,Native4K,beauty,
Native4K,VSR_360,72088f14-b2cc-48d9-a7fa-834bd311c125,Native4K,meridian_verification,Native4K
Native4K,Native4K,72088f14-b2cc-48d9-a7fa-834bd311c125,VSR_360,beauty,
Native4K,VSR_480,72088f14-b2cc-48d9-a7fa-834bd311c125,Native4K,sparks,
VSR_480,VSR_480,72088f14-b2cc-48d9-a7fa-834bd311c125,Native4K,racenight,
Native4K,VSR_360,72088f14-b2cc-48d9-a7fa-834bd311c125,Native4K,racenight_verification,Native4K
VSR_720,VSR_720,72088f14-b2cc-48d9-a7fa-834bd311c125,Native4K,meridian,
VSR_480,VSR_480,72088f14-b2cc-48d9-a7fa-834bd311c125,Native4K,racenight,
Native4K,VSR_360,069ed29c-9619-4bb9-9867-102e856d5bdf,Native4K,meridian_verification,Native4K
VSR_360,VSR_360,069ed29c-9619-4bb9-9867-102e856d5bdf,Native4K,racenight,
Native4K,VSR_1080,069ed29c-9619-4bb9-9867-102e856d5bdf,Native4K,meridian,
Native4K,VSR_480,069ed29c-9619-4bb9-9867-102e856d5bdf,Native4K,racenight,
Native4K,Native4K,069ed29c-9619-4bb9-9867-102e856d5bdf,VSR_480,sollevante,
Native4K,VSR_360,069ed29c-9619-4bb9-9867-102e856d5bdf,Native4K,beauty,
VSR_1080,VSR_1080,069ed29c-9619-4bb9-9867-102e856d5bdf,Native4K,beauty,
Native4K,VSR_360,069ed29c-9619-4bb9-9867-102e856d5bdf,Native4K,racenight_verification,Native4K
VSR_1080,VSR_1080,069ed29c-9619-4bb9-9867-102e856d5bdf,Native4K,sparks,
Native4K,VSR_360,069ed29c-9619-4bb9-9867-102e856d5bdf,Native4K,meridian,
Native4K,Native4K,069ed29c-9619-4bb9-9867-102e856d5bdf,VSR_480,racenight,
Native4K,VSR_1080,069ed29c-9619-4bb9-9867-102e856d5bdf,Native4K,sunflower,
,Native4K,5ed5e7fb-3deb-4863-ba3a-1df6df1b08d7,VSR_1080,sunflower,
Native4K,Native4K,5ed5e7fb-3deb-4863-ba3a-1df6df1b08d7,VSR_360,racenight,
VSR_1080,Native4K,5ed5e7fb-3deb-4863-ba3a-1df6df1b08d7,VSR_1080,beauty,
,VSR_360,5ed5e7fb-3deb-4863-ba3a-1df6df1b08d7,Native4K,sollevante,
VSR_1080,VSR_1080,5ed5e7fb-3deb-4863-ba3a-1df6df1b08d7,Native4K,sparks,
Native4K,VSR_360,5ed5e7fb-3deb-4863-ba3a-1df6df1b08d7,Native4K,meridian,
Native4K,Native4K,5ed5e7fb-3deb-4863-ba3a-1df6df1b08d7,VSR_360,racenight_verification,Native4K
VSR_720,VSR_720,5ed5e7fb-3deb-4863-ba3a-1df6df1b08d7,Native4K,meridian,
VSR_360,Native4K,5ed5e7fb-3deb-4863-ba3a-1df6df1b08d7,VSR_360,tearsofsteel,
Native4K,VSR_360,5ed5e7fb-3deb-4863-ba3a-1df6df1b08d7,Native4K,jockey,
Native4K,Native4K,5ed5e7fb-3deb-4863-ba3a-1df6df1b08d7,VSR_1080,sparks,
Native4K,Native4K,5ed5e7fb-3deb-4863-ba3a-1df6df1b08d7,VSR_360,meridian_verification,Native4K
VSR_480,Native4K,df4f8178-fc74-499c-894b-eb19a98e5f81,VSR_480,beauty,
Native4K,VSR_720,df4f8178-fc74-499c-894b-eb19a98e5f81,Native4K,sparks,
Native4K,VSR_360,df4f8178-fc74-499c-894b-eb19a98e5f81,Native4K,racenight_verification,Native4K
Native4K,VSR_360,df4f8178-fc74-499c-894b-eb19a98e5f81,Native4K,tearsofsteel,
Native4K,VSR_1080,df4f8178-fc74-499c-894b-eb19a98e5f81,Native4K,sollevante,
VSR_1080,VSR_1080,df4f8178-fc74-499c-894b-eb19a98e5f81,Native4K,sollevante,
Native4K,VSR_360,df4f8178-fc74-499c-894b-eb19a98e5f81,Native4K,meridian_verification,Native4K
VSR_1080,VSR_1080,df4f8178-fc74-499c-894b-eb19a98e5f81,Native4K,sollevante,
Native4K,VSR_480,df4f8178-fc74-499c-894b-eb19a98e5f81,Native4K,jockey,
VSR_480,Native4K,df4f8178-fc74-499c-894b-eb19a98e5f81,VSR_480,jockey,
Native4K,Native4K,df4f8178-fc74-499c-894b-eb19a98e5f81,VSR_360,tearsofsteel,
Native4K,VSR_720,df4f8178-fc74-499c-894b-eb19a98e5f81,Native4K,sunflower,
Native4K,VSR_360,2baea4a3-6f86-4e8f-a11c-9b0172664877,Native4K,meridian_verification,Native4K
VSR_360,VSR_360,2baea4a3-6f86-4e8f-a11c-9b0172664877,Native4K,tearsofsteel,
VSR_360,Native4K,2baea4a3-6f86-4e8f-a11c-9b0172664877,VSR_360,tearsofsteel,
VSR_480,Native4K,2baea4a3-6f86-4e8f-a11c-9b0172664877,VSR_480,beauty,
VSR_360,VSR_360,2baea4a3-6f86-4e8f-a11c-9b0172664877,Native4K,racenight,
VSR_1080,VSR_1080,2baea4a3-6f86-4e8f-a11c-9b0172664877,Native4K,sunflower,
Native4K,VSR_360,2baea4a3-6f86-4e8f-a11c-9b0172664877,Native4K,racenight_verification,Native4K
VSR_720,VSR_720,2baea4a3-6f86-4e8f-a11c-9b0172664877,Native4K,sparks,
VSR_1080,VSR_1080,2baea4a3-6f86-4e8f-a11c-9b0172664877,Native4K,meridian,
VSR_480,Native4K,2baea4a3-6f86-4e8f-a11c-9b0172664877,VSR_480,beauty,
VSR_720,Native4K,2baea4a3-6f86-4e8f-a11c-9b0172664877,VSR_720,sparks,
VSR_1080,VSR_1080,2baea4a3-6f86-4e8f-a11c-9b0172664877,Native4K,sunflower,
Native4K,VSR_360,373979b0-91aa-456d-80a6-41462acf81d1,Native4K,meridian_verification,Native4K
Native4K,VSR_480,373979b0-91aa-456d-80a6-41462acf81d1,Native4K,meridian,
Native4K,VSR_480,373979b0-91aa-456d-80a6-41462acf81d1,Native4K,meridian,
,VSR_480,373979b0-91aa-456d-80a6-41462acf81d1,Native4K,sollevante,
Native4K,Native4K,373979b0-91aa-456d-80a6-41462acf81d1,VSR_360,racenight,
Native4K,Native4K,373979b0-91aa-456d-80a6-41462acf81d1,VSR_480,sunflower,
Native4K,VSR_360,373979b0-91aa-456d-80a6-41462acf81d1,Native4K,racenight_verification,Native4K
,VSR_1080,373979b0-91aa-456d-80a6-41462acf81d1,Native4K,meridian,
,VSR_1080,373979b0-91aa-456d-80a6-41462acf81d1,Native4K,meridian,
Native4K,Native4K,373979b0-91aa-456d-80a6-41462acf81d1,VSR_480,beauty,
Native4K,Native4K,373979b0-91aa-456d-80a6-41462acf81d1,VSR_480,meridian,
,VSR_1080,373979b0-91aa-456d-80a6-41462acf81d1,Native4K,sunflower,
Native4K,Native4K,fac0106b-0611-4750-bbfa-6f7c27f91303,VSR_480,meridian,
VSR_480,Native4K,fac0106b-0611-4750-bbfa-6f7c27f91303,VSR_480,jockey,
VSR_720,Native4K,fac0106b-0611-4750-bbfa-6f7c27f91303,VSR_720,sparks,
Native4K,VSR_480,fac0106b-0611-4750-bbfa-6f7c27f91303,Native4K,sunflower,
Native4K,Native4K,fac0106b-0611-4750-bbfa-6f7c27f91303,VSR_360,meridian_verification,Native4K
Native4K,VSR_480,fac0106b-0611-4750-bbfa-6f7c27f91303,Native4K,beauty,
VSR_360,VSR_360,fac0106b-0611-4750-bbfa-6f7c27f91303,Native4K,jockey,
VSR_1080,VSR_1080,fac0106b-0611-4750-bbfa-6f7c27f91303,Native4K,meridian,
VSR_360,Native4K,fac0106b-0611-4750-bbfa-6f7c27f91303,VSR_360,jockey,
Native4K,VSR_480,fac0106b-0611-4750-bbfa-6f7c27f91303,Native4K,sollevante,
Native4K,VSR_360,fac0106b-0611-4750-bbfa-6f7c27f91303,Native4K,racenight_verification,Native4K
Native4K,Native4K,fac0106b-0611-4750-bbfa-6f7c27f91303,VSR_480,sollevante,
VSR_1080,Native4K,e6f58182-707e-4bc8-b1a1-a477f30b46af,VSR_1080,meridian,
VSR_1080,Native4K,e6f58182-707e-4bc8-b1a1-a477f30b46af,VSR_1080,sunflower,
Native4K,Native4K,e6f58182-707e-4bc8-b1a1-a477f30b46af,VSR_1080,sunflower,
,VSR_1080,e6f58182-707e-4bc8-b1a1-a477f30b46af,Native4K,beauty,
VSR_360,VSR_360,e6f58182-707e-4bc8-b1a1-a477f30b46af,Native4K,tearsofsteel,
,VSR_360,e6f58182-707e-4bc8-b1a1-a477f30b46af,Native4K,racenight,
VSR_1080,Native4K,e6f58182-707e-4bc8-b1a1-a477f30b46af,VSR_1080,beauty,
Native4K,VSR_360,e6f58182-707e-4bc8-b1a1-a477f30b46af,Native4K,racenight_verification,Native4K
VSR_1080,VSR_1080,e6f58182-707e-4bc8-b1a1-a477f30b46af,Native4K,sunflower,
Native4K,VSR_360,e6f58182-707e-4bc8-b1a1-a477f30b46af,Native4K,meridian_verification,Native4K
Native4K,Native4K,e6f58182-707e-4bc8-b1a1-a477f30b46af,VSR_720,sparks,
,VSR_1080,e6f58182-707e-4bc8-b1a1-a477f30b46af,Native4K,beauty,
Native4K,VSR_360,e7eea144-598f-468d-9489-88ee88f7e8b2,Native4K,meridian,
VSR_360,VSR_360,e7eea144-598f-468d-9489-88ee88f7e8b2,Native4K,jockey,
VSR_1080,VSR_1080,e7eea144-598f-468d-9489-88ee88f7e8b2,Native4K,sunflower,
Native4K,VSR_360,e7eea144-598f-468d-9489-88ee88f7e8b2,Native4K,racenight_verification,Native4K
VSR_1080,VSR_1080,e7eea144-598f-468d-9489-88ee88f7e8b2,Native4K,beauty,
Native4K,Native4K,e7eea144-598f-468d-9489-88ee88f7e8b2,VSR_360,meridian_verification,Native4K
Native4K,VSR_360,e7eea144-598f-468d-9489-88ee88f7e8b2,Native4K,meridian,
VSR_1080,Native4K,e7eea144-598f-468d-9489-88ee88f7e8b2,VSR_1080,beauty,
Native4K,VSR_360,e7eea144-598f-468d-9489-88ee88f7e8b2,Native4K,meridian,
VSR_1080,Native4K,e7eea144-598f-468d-9489-88ee88f7e8b2,VSR_1080,tearsofsteel,
Native4K,Native4K,e7eea144-598f-468d-9489-88ee88f7e8b2,VSR_1080,sollevante,
VSR_1080,VSR_1080,e7eea144-598f-468d-9489-88ee88f7e8b2,Native4K,sparks,
Native4K,VSR_1080,68ee413d-c278-42c7-b576-1af561931f34,Native4K,tearsofsteel,
Native4K,VSR_360,68ee413d-c278-42c7-b576-1af561931f34,Native4K,racenight_verification,Native4K
,VSR_480,68ee413d-c278-42c7-b576-1af561931f34,Native4K,sunflower,
,Native4K,68ee413d-c278-42c7-b576-1af561931f34,VSR_1080,racenight,
VSR_720,VSR_720,68ee413d-c278-42c7-b576-1af561931f34,Native4K,jockey,
VSR_360,Native4K,68ee413d-c278-42c7-b576-1af561931f34,VSR_360,meridian,
Native4K,VSR_360,68ee413d-c278-42c7-b576-1af561931f34,Native4K,meridian_verification,Native4K
VSR_1080,VSR_1080,68ee413d-c278-42c7-b576-1af561931f34,Native4K,sollevante,
Native4K,Native4K,68ee413d-c278-42c7-b576-1af561931f34,VSR_1080,racenight,
VSR_360,Native4K,68ee413d-c278-42c7-b576-1af561931f34,VSR_360,sparks,
VSR_720,VSR_720,68ee413d-c278-42c7-b576-1af561931f34,Native4K,beauty,
,Native4K,68ee413d-c278-42c7-b576-1af561931f34,VSR_480,racenight,
Native4K,Native4K,6dc8b402-d16e-41b7-a4f8-34efb8afef8f,VSR_360,sparks,
VSR_720,Native4K,6dc8b402-d16e-41b7-a4f8-34efb8afef8f,VSR_720,racenight,
VSR_720,VSR_720,6dc8b402-d16e-41b7-a4f8-34efb8afef8f,Native4K,tearsofsteel,
Native4K,Native4K,6dc8b402-d16e-41b7-a4f8-34efb8afef8f,VSR_360,sunflower,
Native4K,Native4K,6dc8b402-d16e-41b7-a4f8-34efb8afef8f,VSR_720,sollevante,
VSR_720,Native4K,6dc8b402-d16e-41b7-a4f8-34efb8afef8f,VSR_720,beauty,
Native4K,Native4K,6dc8b402-d16e-41b7-a4f8-34efb8afef8f,VSR_360,sparks,
VSR_720,VSR_720,6dc8b402-d16e-41b7-a4f8-34efb8afef8f,Native4K,jockey,
Native4K,VSR_360,6dc8b402-d16e-41b7-a4f8-34efb8afef8f,Native4K,racenight_verification,Native4K
VSR_720,VSR_720,6dc8b402-d16e-41b7-a4f8-34efb8afef8f,Native4K,racenight,
Native4K,VSR_360,6dc8b402-d16e-41b7-a4f8-34efb8afef8f,Native4K,sparks,
Native4K,VSR_360,6dc8b402-d16e-41b7-a4f8-34efb8afef8f,Native4K,meridian_verification,Native4K
Native4K,VSR_360,3636ff6b-7d92-48ec-852f-e57a02461965,Native4K,sunflower,
VSR_720,Native4K,3636ff6b-7d92-48ec-852f-e57a02461965,VSR_720,tearsofsteel,
Native4K,VSR_360,3636ff6b-7d92-48ec-852f-e57a02461965,Native4K,meridian,
Native4K,Native4K,3636ff6b-7d92-48ec-852f-e57a02461965,VSR_720,beauty,
VSR_720,Native4K,3636ff6b-7d92-48ec-852f-e57a02461965,VSR_720,jockey,
,VSR_720,3636ff6b-7d92-48ec-852f-e57a02461965,Native4K,sollevante,
VSR_1080,Native4K,3636ff6b-7d92-48ec-852f-e57a02461965,VSR_1080,sparks,
,VSR_720,3636ff6b-7d92-48ec-852f-e57a02461965,Native4K,beauty,
VSR_720,Native4K,3636ff6b-7d92-48ec-852f-e57a02461965,VSR_720,tearsofsteel,
Native4K,VSR_720,3636ff6b-7d92-48ec-852f-e57a02461965,Native4K,tearsofsteel,
Native4K,Native4K,3636ff6b-7d92-48ec-852f-e57a02461965,VSR_360,meridian_verification,Native4K
Native4K,VSR_360,3636ff6b-7d92-48ec-852f-e57a02461965,Native4K,racenight_verification,Native4K
VSR_720,Native4K,e20816bc-63be-48f0-b1fb-df658010b249,VSR_720,meridian,
Native4K,VSR_720,e20816bc-63be-48f0-b1fb-df658010b249,Native4K,sollevante,
Native4K,VSR_360,e20816bc-63be-48f0-b1fb-df658010b249,Native4K,sunflower,
Native4K,Native4K,e20816bc-63be-48f0-b1fb-df658010b249,VSR_360,sunflower,
,Native4K,e20816bc-63be-48f0-b1fb-df658010b249,VSR_1080,sparks,
Native4K,VSR_360,e20816bc-63be-48f0-b1fb-df658010b249,Native4K,meridian_verification,Native4K
,VSR_480,e20816bc-63be-48f0-b1fb-df658010b249,Native4K,sparks,
VSR_720,VSR_720,e20816bc-63be-48f0-b1fb-df658010b249,Native4K,racenight,
Native4K,VSR_1080,e20816bc-63be-48f0-b1fb-df658010b249,Native4K,beauty,
VSR_720,VSR_720,e20816bc-63be-48f0-b1fb-df658010b249,Native4K,beauty,
Native4K,Native4K,e20816bc-63be-48f0-b1fb-df658010b249,VSR_360,racenight_verification,Native4K
Native4K,VSR_480,e20816bc-63be-48f0-b1fb-df658010b249,Native4K,beauty,
Native4K,Native4K,2a9ca27a-c2e7-4c23-8555-ddc0d4ca48d2,VSR_480,tearsofsteel,
Native4K,VSR_360,2a9ca27a-c2e7-4c23-8555-ddc0d4ca48d2,Native4K,sparks,
Native4K,Native4K,2a9ca27a-c2e7-4c23-8555-ddc0d4ca48d2,VSR_360,meridian_verification,Native4K
VSR_720,Native4K,2a9ca27a-c2e7-4c23-8555-ddc0d4ca48d2,VSR_720,sollevante,
Native4K,Native4K,2a9ca27a-c2e7-4c23-8555-ddc0d4ca48d2,VSR_360,sunflower,
VSR_720,VSR_720,2a9ca27a-c2e7-4c23-8555-ddc0d4ca48d2,Native4K,tearsofsteel,
Native4K,VSR_1080,2a9ca27a-c2e7-4c23-8555-ddc0d4ca48d2,Native4K,jockey,
VSR_720,Native4K,2a9ca27a-c2e7-4c23-8555-ddc0d4ca48d2,VSR_720,beauty,
VSR_1080,Native4K,2a9ca27a-c2e7-4c23-8555-ddc0d4ca48d2,VSR_1080,sparks,
Native4K,VSR_360,2a9ca27a-c2e7-4c23-8555-ddc0d4ca48d2,Native4K,racenight_verification,Native4K
Native4K,Native4K,2a9ca27a-c2e7-4c23-8555-ddc0d4ca48d2,VSR_480,sparks,
VSR_1080,VSR_1080,2a9ca27a-c2e7-4c23-8555-ddc0d4ca48d2,Native4K,jockey,
Native4K,VSR_360,6ead1a84-5ab1-40e4-9d83-0f4cd9752dc3,Native4K,meridian_verification,Native4K
,VSR_1080,6ead1a84-5ab1-40e4-9d83-0f4cd9752dc3,Native4K,jockey,
Native4K,Native4K,6ead1a84-5ab1-40e4-9d83-0f4cd9752dc3,VSR_1080,beauty,
,Native4K,6ead1a84-5ab1-40e4-9d83-0f4cd9752dc3,VSR_1080,jockey,
VSR_720,VSR_720,6ead1a84-5ab1-40e4-9d83-0f4cd9752dc3,Native4K,sollevante,
Native4K,Native4K,6ead1a84-5ab1-40e4-9d83-0f4cd9752dc3,VSR_360,racenight_verification,Native4K
Native4K,Native4K,6ead1a84-5ab1-40e4-9d83-0f4cd9752dc3,VSR_720,sollevante,
,Native4K,6ead1a84-5ab1-40e4-9d83-0f4cd9752dc3,VSR_720,racenight,
,Native4K,6ead1a84-5ab1-40e4-9d83-0f4cd9752dc3,VSR_720,meridian,
Native4K,VSR_480,6ead1a84-5ab1-40e4-9d83-0f4cd9752dc3,Native4K,tearsofsteel,
,Native4K,6ead1a84-5ab1-40e4-9d83-0f4cd9752dc3,VSR_720,meridian,
,VSR_720,6ead1a84-5ab1-40e4-9d83-0f4cd9752dc3,Native4K,racenight,
Native4K,Native4K,571a548b-3a7d-46a4-96eb-bacb074a7d38,VSR_480,sparks,
Native4K,VSR_360,571a548b-3a7d-46a4-96eb-bacb074a7d38,Native4K,racenight_verification,Native4K
Native4K,Native4K,571a548b-3a7d-46a4-96eb-bacb074a7d38,VSR_480,beauty,
,VSR_720,571a548b-3a7d-46a4-96eb-bacb074a7d38,Native4K,sollevante,
VSR_720,Native4K,571a548b-3a7d-46a4-96eb-bacb074a7d38,VSR_720,meridian,
,Native4K,571a548b-3a7d-46a4-96eb-bacb074a7d38,VSR_1080,beauty,
VSR_720,Native4K,571a548b-3a7d-46a4-96eb-bacb074a7d38,VSR_720,racenight,
,VSR_720,571a548b-3a7d-46a4-96eb-bacb074a7d38,Native4K,racenight,
,Native4K,571a548b-3a7d-46a4-96eb-bacb074a7d38,VSR_1080,jockey,
Native4K,Native4K,571a548b-3a7d-46a4-96eb-bacb074a7d38,VSR_480,sparks,
Native4K,Native4K,571a548b-3a7d-46a4-96eb-bacb074a7d38,VSR_360,meridian_verification,Native4K
,VSR_720,571a548b-3a7d-46a4-96eb-bacb074a7d38,Native4K,meridian,
Native4K,Native4K,9eca4d31-109f-44fb-88b5-2eab35fc367e,VSR_480,tearsofsteel,
Native4K,VSR_720,9eca4d31-109f-44fb-88b5-2eab35fc367e,Native4K,sunflower,
Native4K,Native4K,9eca4d31-109f-44fb-88b5-2eab35fc367e,VSR_360,racenight_verification,Native4K
,VSR_480,9eca4d31-109f-44fb-88b5-2eab35fc367e,Native4K,beauty,
VSR_360,Native4K,9eca4d31-109f-44fb-88b5-2eab35fc367e,VSR_360,racenight,
VSR_720,VSR_720,9eca4d31-109f-44fb-88b5-2eab35fc367e,Native4K,sunflower,
Native4K,VSR_360,9eca4d31-109f-44fb-88b5-2eab35fc367e,Native4K,meridian_verification,Native4K
VSR_720,VSR_720,9eca4d31-109f-44fb-88b5-2eab35fc367e,Native4K,meridian,
Native4K,Native4K,9eca4d31-109f-44fb-88b5-2eab35fc367e,VSR_720,sunflower,
Native4K,VSR_480,9eca4d31-109f-44fb-88b5-2eab35fc367e,Native4K,sparks,
,VSR_480,9eca4d31-109f-44fb-88b5-2eab35fc367e,Native4K,tearsofsteel,
,Native4K,9eca4d31-109f-44fb-88b5-2eab35fc367e,VSR_1080,jockey,
Native4K,Native4K,c8a7da5a-10ee-46d7-928e-dd9b6808be4c,VSR_360,meridian,
Native4K,VSR_480,c8a7da5a-10ee-46d7-928e-dd9b6808be4c,Native4K,racenight,
Native4K,VSR_360,c8a7da5a-10ee-46d7-928e-dd9b6808be4c,Native4K,racenight_verification,Native4K
VSR_720,Native4K,c8a7da5a-10ee-46d7-928e-dd9b6808be4c,VSR_720,tearsofsteel,
,Native4K,c8a7da5a-10ee-46d7-928e-dd9b6808be4c,VSR_1080,sunflower,
VSR_1080,Native4K,c8a7da5a-10ee-46d7-928e-dd9b6808be4c,VSR_1080,sparks,
VSR_1080,VSR_1080,c8a7da5a-10ee-46d7-928e-dd9b6808be4c,Native4K,sparks,
,VSR_1080,c8a7da5a-10ee-46d7-928e-dd9b6808be4c,Native4K,sunflower,
Native4K,VSR_360,c8a7da5a-10ee-46d7-928e-dd9b6808be4c,Native4K,meridian_verification,Native4K
Native4K,VSR_720,c8a7da5a-10ee-46d7-928e-dd9b6808be4c,Native4K,tearsofsteel,
,Native4K,c8a7da5a-10ee-46d7-928e-dd9b6808be4c,VSR_1080,sunflower,
VSR_1080,VSR_1080,c8a7da5a-10ee-46d7-928e-dd9b6808be4c,Native4K,sparks,
Native4K,Native4K,1b3f501f-9750-4fbe-b027-6bd0efd5be77,VSR_360,meridian,
VSR_720,Native4K,1b3f501f-9750-4fbe-b027-6bd0efd5be77,VSR_720,beauty,
Native4K,Native4K,1b3f501f-9750-4fbe-b027-6bd0efd5be77,VSR_360,racenight_verification,Native4K
Native4K,VSR_1080,1b3f501f-9750-4fbe-b027-6bd0efd5be77,Native4K,sparks,
,Native4K,1b3f501f-9750-4fbe-b027-6bd0efd5be77,VSR_1080,jockey,
VSR_1080,Native4K,1b3f501f-9750-4fbe-b027-6bd0efd5be77,VSR_1080,racenight,
Native4K,Native4K,1b3f501f-9750-4fbe-b027-6bd0efd5be77,VSR_480,racenight,
,VSR_1080,1b3f501f-9750-4fbe-b027-6bd0efd5be77,Native4K,racenight,
VSR_720,Native4K,1b3f501f-9750-4fbe-b027-6bd0efd5be77,VSR_720,tearsofsteel,
Native4K,Native4K,1b3f501f-9750-4fbe-b027-6bd0efd5be77,VSR_1080,sunflower,
Native4K,Native4K,1b3f501f-9750-4fbe-b027-6bd0efd5be77,VSR_360,meridian_verification,Native4K
VSR_720,VSR_720,1b3f501f-9750-4fbe-b027-6bd0efd5be77,Native4K,beauty,
Native4K,VSR_360,101f3d50-8838-4850-a836-42a24d961b54,Native4K,sollevante,
VSR_360,VSR_360,101f3d50-8838-4850-a836-42a24d961b54,Native4K,beauty,
Native4K,Native4K,101f3d50-8838-4850-a836-42a24d961b54,VSR_480,sparks,
Native4K,VSR_360,101f3d50-8838-4850-a836-42a24d961b54,Native4K,jockey,
Native4K,Native4K,101f3d50-8838-4850-a836-42a24d961b54,VSR_720,jockey,
Native4K,Native4K,101f3d50-8838-4850-a836-42a24d961b54,VSR_1080,tearsofsteel,
Native4K,VSR_1080,101f3d50-8838-4850-a836-42a24d961b54,Native4K,sollevante,
VSR_720,VSR_720,101f3d50-8838-4850-a836-42a24d961b54,Native4K,sunflower,
Native4K,VSR_360,101f3d50-8838-4850-a836-42a24d961b54,Native4K,racenight_verification,Native4K
VSR_480,Native4K,101f3d50-8838-4850-a836-42a24d961b54,VSR_480,sparks,
Native4K,Native4K,101f3d50-8838-4850-a836-42a24d961b54,VSR_360,meridian_verification,Native4K
VSR_480,VSR_480,101f3d50-8838-4850-a836-42a24d961b54,Native4K,sunflower,
Native4K,VSR_360,4a00e0fc-f9a9-4ec9-82e3-e52d32521acc,Native4K,sunflower,
Native4K,Native4K,4a00e0fc-f9a9-4ec9-82e3-e52d32521acc,VSR_360,racenight_verification,Native4K
VSR_1080,VSR_1080,4a00e0fc-f9a9-4ec9-82e3-e52d32521acc,Native4K,racenight,
Native4K,Native4K,4a00e0fc-f9a9-4ec9-82e3-e52d32521acc,VSR_360,sunflower,
Native4K,VSR_480,4a00e0fc-f9a9-4ec9-82e3-e52d32521acc,Native4K,meridian,
Native4K,VSR_360,4a00e0fc-f9a9-4ec9-82e3-e52d32521acc,Native4K,meridian_verification,Native4K
Native4K,Native4K,4a00e0fc-f9a9-4ec9-82e3-e52d32521acc,VSR_480,meridian,
VSR_720,VSR_720,4a00e0fc-f9a9-4ec9-82e3-e52d32521acc,Native4K,sollevante,
Native4K,Native4K,4a00e0fc-f9a9-4ec9-82e3-e52d32521acc,VSR_360,beauty,
Native4K,Native4K,4a00e0fc-f9a9-4ec9-82e3-e52d32521acc,VSR_480,meridian,
VSR_1080,VSR_1080,4a00e0fc-f9a9-4ec9-82e3-e52d32521acc,Native4K,racenight,
Native4K,VSR_360,4a00e0fc-f9a9-4ec9-82e3-e52d32521acc,Native4K,beauty,
Native4K,VSR_360,f5b6bb58-93d5-4305-97ff-c18c2c60c0a7,Native4K,tearsofsteel,
Native4K,VSR_360,f5b6bb58-93d5-4305-97ff-c18c2c60c0a7,Native4K,tearsofsteel,
Native4K,VSR_360,f5b6bb58-93d5-4305-97ff-c18c2c60c0a7,Native4K,meridian_verification,Native4K
VSR_1080,Native4K,f5b6bb58-93d5-4305-97ff-c18c2c60c0a7,VSR_1080,sollevante,
Native4K,VSR_360,f5b6bb58-93d5-4305-97ff-c18c2c60c0a7,Native4K,beauty,
Native4K,Native4K,f5b6bb58-93d5-4305-97ff-c18c2c60c0a7,VSR_360,sunflower,
Native4K,Native4K,f5b6bb58-93d5-4305-97ff-c18c2c60c0a7,VSR_480,meridian,
,VSR_1080,f5b6bb58-93d5-4305-97ff-c18c2c60c0a7,Native4K,sparks,
Native4K,VSR_360,f5b6bb58-93d5-4305-97ff-c18c2c60c0a7,Native4K,tearsofsteel,
Native4K,VSR_360,f5b6bb58-93d5-4305-97ff-c18c2c60c0a7,Native4K,tearsofsteel,
Native4K,Native4K,f5b6bb58-93d5-4305-97ff-c18c2c60c0a7,VSR_360,tearsofsteel,
Native4K,VSR_360,f5b6bb58-93d5-4305-97ff-c18c2c60c0a7,Native4K,racenight_verification,Native4K
VSR_360,Native4K,5cabfd8e-f523-4762-a956-4afb4a215491,VSR_360,jockey,
Native4K,Native4K,5cabfd8e-f523-4762-a956-4afb4a215491,VSR_360,beauty,
VSR_720,VSR_720,5cabfd8e-f523-4762-a956-4afb4a215491,Native4K,jockey,
Native4K,Native4K,5cabfd8e-f523-4762-a956-4afb4a215491,VSR_360,beauty,
Native4K,Native4K,5cabfd8e-f523-4762-a956-4afb4a215491,VSR_360,beauty,
Native4K,VSR_360,5cabfd8e-f523-4762-a956-4afb4a215491,Native4K,beauty,
Native4K,VSR_480,5cabfd8e-f523-4762-a956-4afb4a215491,Native4K,meridian,
Native4K,VSR_360,5cabfd8e-f523-4762-a956-4afb4a215491,Native4K,meridian_verification,Native4K
Native4K,VSR_360,5cabfd8e-f523-4762-a956-4afb4a215491,Native4K,racenight_verification,Native4K
Native4K,Native4K,5cabfd8e-f523-4762-a956-4afb4a215491,VSR_480,meridian,
VSR_720,Native4K,5cabfd8e-f523-4762-a956-4afb4a215491,VSR_720,sollevante,
VSR_360,VSR_360,5cabfd8e-f523-4762-a956-4afb4a215491,Native4K,jockey,
Native4K,VSR_1080,ac1314fd-00d3-4f94-9180-218a48c7b411,Native4K,racenight,
Native4K,Native4K,ac1314fd-00d3-4f94-9180-218a48c7b411,VSR_360,meridian_verification,Native4K
Native4K,VSR_360,ac1314fd-00d3-4f94-9180-218a48c7b411,Native4K,racenight_verification,Native4K
,VSR_1080,ac1314fd-00d3-4f94-9180-218a48c7b411,Native4K,sollevante,
Native4K,VSR_720,ac1314fd-00d3-4f94-9180-218a48c7b411,Native4K,sunflower,
Native4K,Native4K,ac1314fd-00d3-4f94-9180-218a48c7b411,VSR_1080,sparks,
Native4K,VSR_360,ac1314fd-00d3-4f94-9180-218a48c7b411,Native4K,sunflower,
Native4K,Native4K,ac1314fd-00d3-4f94-9180-218a48c7b411,VSR_720,tearsofsteel,
Native4K,VSR_720,ac1314fd-00d3-4f94-9180-218a48c7b411,Native4K,sunflower,
VSR_1080,Native4K,ac1314fd-00d3-4f94-9180-218a48c7b411,VSR_1080,jockey,
VSR_480,VSR_480,ac1314fd-00d3-4f94-9180-218a48c7b411,Native4K,jockey,
Native4K,VSR_1080,ac1314fd-00d3-4f94-9180-218a48c7b411,Native4K,beauty,
VSR_480,Native4K,f400951b-bf06-4042-98c3-ff7b35bbdcf6,VSR_480,jockey,
Native4K,VSR_480,f400951b-bf06-4042-98c3-ff7b35bbdcf6,Native4K,sunflower,
Native4K,Native4K,f400951b-bf06-4042-98c3-ff7b35bbdcf6,VSR_360,sparks,
,VSR_1080,f400951b-bf06-4042-98c3-ff7b35bbdcf6,Native4K,racenight,
Native4K,Native4K,f400951b-bf06-4042-98c3-ff7b35bbdcf6,VSR_1080,tearsofsteel,
Native4K,Native4K,f400951b-bf06-4042-98c3-ff7b35bbdcf6,VSR_360,meridian_verification,Native4K
Native4K,VSR_360,f400951b-bf06-4042-98c3-ff7b35bbdcf6,Native4K,sparks,
Native4K,VSR_1080,f400951b-bf06-4042-98c3-ff7b35bbdcf6,Native4K,tearsofsteel,
,VSR_720,f400951b-bf06-4042-98c3-ff7b35bbdcf6,Native4K,meridian,
VSR_1080,VSR_1080,f400951b-bf06-4042-98c3-ff7b35bbdcf6,Native4K,jockey,
,VSR_480,f400951b-bf06-4042-98c3-ff7b35bbdcf6,Native4K,sunflower,
Native4K,VSR_360,f400951b-bf06-4042-98c3-ff7b35bbdcf6,Native4K,racenight_verification,Native4K
Native4K,Native4K,fd288a67-fc4f-4f76-a276-ebe43c54df81,VSR_1080,racenight,
,VSR_720,fd288a67-fc4f-4f76-a276-ebe43c54df81,Native4K,meridian,
Native4K,VSR_360,fd288a67-fc4f-4f76-a276-ebe43c54df81,Native4K,sparks,
Native4K,VSR_480,fd288a67-fc4f-4f76-a276-ebe43c54df81,Native4K,jockey,
,Native4K,fd288a67-fc4f-4f76-a276-ebe43c54df81,VSR_480,sollevante,
Native4K,VSR_360,fd288a67-fc4f-4f76-a276-ebe43c54df81,Native4K,sparks,
,VSR_720,fd288a67-fc4f-4f76-a276-ebe43c54df81,Native4K,meridian,
,VSR_480,fd288a67-fc4f-4f76-a276-ebe43c54df81,Native4K,sunflower,
Native4K,Native4K,fd288a67-fc4f-4f76-a276-ebe43c54df81,VSR_360,racenight_verification,Native4K
,Native4K,fd288a67-fc4f-4f76-a276-ebe43c54df81,VSR_720,meridian,
Native4K,VSR_360,fd288a67-fc4f-4f76-a276-ebe43c54df81,Native4K,meridian_verification,Native4K
,VSR_480,fd288a67-fc4f-4f76-a276-ebe43c54df81,Native4K,sollevante,
Native4K,Native4K,4bbb5ff2-31d2-4f9d-9b0f-556b062db0c4,VSR_480,beauty,
,Native4K,4bbb5ff2-31d2-4f9d-9b0f-556b062db0c4,VSR_1080,sunflower,
Native4K,VSR_720,4bbb5ff2-31d2-4f9d-9b0f-556b062db0c4,Native4K,tearsofsteel,
VSR_720,Native4K,4bbb5ff2-31d2-4f9d-9b0f-556b062db0c4,VSR_720,sparks,
Native4K,VSR_360,4bbb5ff2-31d2-4f9d-9b0f-556b062db0c4,Native4K,racenight_verification,Native4K
,Native4K,4bbb5ff2-31d2-4f9d-9b0f-556b062db0c4,VSR_1080,sunflower,
Native4K,Native4K,4bbb5ff2-31d2-4f9d-9b0f-556b062db0c4,VSR_360,tearsofsteel,
Native4K,Native4K,4bbb5ff2-31d2-4f9d-9b0f-556b062db0c4,VSR_480,beauty,
VSR_720,VSR_720,4bbb5ff2-31d2-4f9d-9b0f-556b062db0c4,Native4K,sparks,
VSR_480,VSR_480,4bbb5ff2-31d2-4f9d-9b0f-556b062db0c4,Native4K,racenight,
Native4K,Native4K,4bbb5ff2-31d2-4f9d-9b0f-556b062db0c4,VSR_360,meridian_verification,Native4K
,VSR_1080,4bbb5ff2-31d2-4f9d-9b0f-556b062db0c4,Native4K,racenight,
VSR_1080,Native4K,bc1cedb9-fce0-43b0-92f6-da1e058ff225,VSR_1080,tearsofsteel,
Native4K,VSR_480,bc1cedb9-fce0-43b0-92f6-da1e058ff225,Native4K,sunflower,
,VSR_1080,bc1cedb9-fce0-43b0-92f6-da1e058ff225,Native4K,beauty,
Native4K,VSR_360,bc1cedb9-fce0-43b0-92f6-da1e058ff225,Native4K,sparks,
Native4K,VSR_360,bc1cedb9-fce0-43b0-92f6-da1e058ff225,Native4K,meridian_verification,Native4K
VSR_1080,VSR_1080,bc1cedb9-fce0-43b0-92f6-da1e058ff225,Native4K,tearsofsteel,
Native4K,VSR_480,bc1cedb9-fce0-43b0-92f6-da1e058ff225,Native4K,sunflower,
,Native4K,bc1cedb9-fce0-43b0-92f6-da1e058ff225,VSR_1080,racenight,
VSR_1080,VSR_1080,bc1cedb9-fce0-43b0-92f6-da1e058ff225,Native4K,tearsofsteel,
Native4K,Native4K,bc1cedb9-fce0-43b0-92f6-da1e058ff225,VSR_360,racenight_verification,Native4K
VSR_1080,Native4K,bc1cedb9-fce0-43b0-92f6-da1e058ff225,VSR_1080,tearsofsteel,
Native4K,VSR_360,bc1cedb9-fce0-43b0-92f6-da1e058ff225,Native4K,meridian,
Native4K,VSR_360,b302fa14-5f07-4ec0-96d3-3bab2057f892,Native4K,racenight_verification,Native4K
Native4K,Native4K,b302fa14-5f07-4ec0-96d3-3bab2057f892,VSR_480,jockey,
VSR_480,VSR_480,b302fa14-5f07-4ec0-96d3-3bab2057f892,Native4K,sparks,
VSR_1080,Native4K,b302fa14-5f07-4ec0-96d3-3bab2057f892,VSR_1080,jockey,
Native4K,VSR_480,b302fa14-5f07-4ec0-96d3-3bab2057f892,Native4K,racenight,
VSR_1080,VSR_1080,b302fa14-5f07-4ec0-96d3-3bab2057f892,Native4K,meridian,
VSR_720,Native4K,b302fa14-5f07-4ec0-96d3-3bab2057f892,VSR_720,sparks,
Native4K,Native4K,b302fa14-5f07-4ec0-96d3-3bab2057f892,VSR_360,tearsofsteel,
Native4K,Native4K,b302fa14-5f07-4ec0-96d3-3bab2057f892,VSR_720,beauty,
Native4K,VSR_360,b302fa14-5f07-4ec0-96d3-3bab2057f892,Native4K,beauty,
Native4K,VSR_360,b302fa14-5f07-4ec0-96d3-3bab2057f892,Native4K,meridian_verification,Native4K
VSR_720,Native4K,b302fa14-5f07-4ec0-96d3-3bab2057f892,VSR_720,sparks,
Native4K,VSR_360,a47173e4-dec9-4684-a3d0-050e11b555f0,Native4K,racenight,
Native4K,VSR_480,a47173e4-dec9-4684-a3d0-050e11b555f0,Native4K,meridian,
Native4K,VSR_360,a47173e4-dec9-4684-a3d0-050e11b555f0,Native4K,sollevante,
Native4K,Native4K,a47173e4-dec9-4684-a3d0-050e11b555f0,VSR_360,meridian_verification,Native4K
Native4K,VSR_360,a47173e4-dec9-4684-a3d0-050e11b555f0,Native4K,racenight_verification,Native4K
Native4K,Native4K,a47173e4-dec9-4684-a3d0-050e11b555f0,VSR_360,sollevante,
Native4K,VSR_360,a47173e4-dec9-4684-a3d0-050e11b555f0,Native4K,racenight,
Native4K,Native4K,a47173e4-dec9-4684-a3d0-050e11b555f0,VSR_360,sollevante,
VSR_1080,Native4K,a47173e4-dec9-4684-a3d0-050e11b555f0,VSR_1080,tearsofsteel,
VSR_1080,Native4K,a47173e4-dec9-4684-a3d0-050e11b555f0,VSR_1080,beauty,
Native4K,VSR_360,a47173e4-dec9-4684-a3d0-050e11b555f0,Native4K,sunflower,
,Native4K,a47173e4-dec9-4684-a3d0-050e11b555f0,VSR_1080,sollevante,
Native4K,VSR_720,4d5b3313-bae1-4382-bb9c-7c08d6aac254,Native4K,sunflower,
Native4K,VSR_480,4d5b3313-bae1-4382-bb9c-7c08d6aac254,Native4K,tearsofsteel,
Native4K,Native4K,4d5b3313-bae1-4382-bb9c-7c08d6aac254,VSR_360,meridian_verification,Native4K
,Native4K,4d5b3313-bae1-4382-bb9c-7c08d6aac254,VSR_720,racenight,
,Native4K,4d5b3313-bae1-4382-bb9c-7c08d6aac254,VSR_720,racenight,
Native4K,VSR_480,4d5b3313-bae1-4382-bb9c-7c08d6aac254,Native4K,meridian,
Native4K,VSR_1080,4d5b3313-bae1-4382-bb9c-7c08d6aac254,Native4K,sparks,
Native4K,Native4K,4d5b3313-bae1-4382-bb9c-7c08d6aac254,VSR_360,racenight_verification,Native4K
Native4K,VSR_360,4d5b3313-bae1-4382-bb9c-7c08d6aac254,Native4K,beauty,
Native4K,Native4K,4d5b3313-bae1-4382-bb9c-7c08d6aac254,VSR_720,racenight,
Native4K,VSR_480,4d5b3313-bae1-4382-bb9c-7c08d6aac254,Native4K,tearsofsteel,
VSR_1080,Native4K,4d5b3313-bae1-4382-bb9c-7c08d6aac254,VSR_1080,beauty,
VSR_480,VSR_480,7195d273-df1b-4a2b-93cf-13d175274272,Native4K,racenight,
Native4K,VSR_360,7195d273-df1b-4a2b-93cf-13d175274272,Native4K,meridian_verification,Native4K
,VSR_1080,7195d273-df1b-4a2b-93cf-13d175274272,Native4K,meridian,
Native4K,VSR_1080,7195d273-df1b-4a2b-93cf-13d175274272,Native4K,beauty,
,Native4K,7195d273-df1b-4a2b-93cf-13d175274272,VSR_480,jockey,
VSR_360,Native4K,7195d273-df1b-4a2b-93cf-13d175274272,VSR_360,racenight,
Native4K,VSR_360,7195d273-df1b-4a2b-93cf-13d175274272,Native4K,racenight_verification,Native4K
,Native4K,7195d273-df1b-4a2b-93cf-13d175274272,VSR_720,sunflower,
VSR_720,VSR_720,7195d273-df1b-4a2b-93cf-13d175274272,Native4K,racenight,
Native4K,VSR_480,7195d273-df1b-4a2b-93cf-13d175274272,Native4K,beauty,
VSR_480,Native4K,7195d273-df1b-4a2b-93cf-13d175274272,VSR_480,beauty,
VSR_720,Native4K,7195d273-df1b-4a2b-93cf-13d175274272,VSR_720,racenight,
Native4K,VSR_360,5c7ce85b-cf2f-42a9-8e2c-bd31090d3068,Native4K,meridian,
Native4K,Native4K,5c7ce85b-cf2f-42a9-8e2c-bd31090d3068,VSR_480,meridian,
Native4K,VSR_720,5c7ce85b-cf2f-42a9-8e2c-bd31090d3068,Native4K,jockey,
VSR_1080,Native4K,5c7ce85b-cf2f-42a9-8e2c-bd31090d3068,VSR_1080,racenight,
Native4K,VSR_360,5c7ce85b-cf2f-42a9-8e2c-bd31090d3068,Native4K,meridian_verification,Native4K
VSR_720,Native4K,5c7ce85b-cf2f-42a9-8e2c-bd31090d3068,VSR_720,beauty,
Native4K,VSR_360,5c7ce85b-cf2f-42a9-8e2c-bd31090d3068,Native4K,sparks,
Native4K,VSR_480,5c7ce85b-cf2f-42a9-8e2c-bd31090d3068,Native4K,tearsofsteel,
Native4K,Native4K,5c7ce85b-cf2f-42a9-8e2c-bd31090d3068,VSR_480,racenight,
Native4K,Native4K,5c7ce85b-cf2f-42a9-8e2c-bd31090d3068,VSR_360,sollevante,
VSR_720,Native4K,5c7ce85b-cf2f-42a9-8e2c-bd31090d3068,VSR_720,beauty,
Native4K,Native4K,5c7ce85b-cf2f-42a9-8e2c-bd31090d3068,VSR_360,racenight_verification,Native4K
Native4K,Native4K,8cf204e8-60a1-4d8d-a2a3-3babbb75f8c8,VSR_360,sparks,
Native4K,Native4K,8cf204e8-60a1-4d8d-a2a3-3babbb75f8c8,VSR_360,meridian_verification,Native4K
Native4K,VSR_360,8cf204e8-60a1-4d8d-a2a3-3babbb75f8c8,Native4K,racenight_verification,Native4K
Native4K,VSR_480,8cf204e8-60a1-4d8d-a2a3-3babbb75f8c8,Native4K,sollevante,
Native4K,VSR_360,8cf204e8-60a1-4d8d-a2a3-3babbb75f8c8,Native4K,tearsofsteel,
,VSR_720,8cf204e8-60a1-4d8d-a2a3-3babbb75f8c8,Native4K,racenight,
Native4K,VSR_360,8cf204e8-60a1-4d8d-a2a3-3babbb75f8c8,Native4K,meridian,
,VSR_1080,8cf204e8-60a1-4d8d-a2a3-3babbb75f8c8,Native4K,racenight,
,Native4K,8cf204e8-60a1-4d8d-a2a3-3babbb75f8c8,VSR_480,sunflower,
Native4K,Native4K,8cf204e8-60a1-4d8d-a2a3-3babbb75f8c8,VSR_1080,meridian,
,Native4K,8cf204e8-60a1-4d8d-a2a3-3babbb75f8c8,VSR_480,racenight,
,Native4K,8cf204e8-60a1-4d8d-a2a3-3babbb75f8c8,VSR_1080,sollevante,
Native4K,VSR_360,b3df168c-e677-4900-a03c-d0c9ce6a463c,Native4K,racenight_verification,Native4K
Native4K,VSR_720,b3df168c-e677-4900-a03c-d0c9ce6a463c,Native4K,meridian,
VSR_720,VSR_720,b3df168c-e677-4900-a03c-d0c9ce6a463c,Native4K,meridian,
Native4K,Native4K,b3df168c-e677-4900-a03c-d0c9ce6a463c,VSR_360,meridian_verification,Native4K
Native4K,Native4K,b3df168c-e677-4900-a03c-d0c9ce6a463c,VSR_360,jockey,
VSR_720,Native4K,b3df168c-e677-4900-a03c-d0c9ce6a463c,VSR_720,tearsofsteel,
Native4K,VSR_1080,b3df168c-e677-4900-a03c-d0c9ce6a463c,Native4K,sparks,
Native4K,Native4K,b3df168c-e677-4900-a03c-d0c9ce6a463c,VSR_360,meridian,
VSR_480,Native4K,b3df168c-e677-4900-a03c-d0c9ce6a463c,VSR_480,sparks,
Native4K,Native4K,b3df168c-e677-4900-a03c-d0c9ce6a463c,VSR_720,sunflower,
VSR_1080,Native4K,b3df168c-e677-4900-a03c-d0c9ce6a463c,VSR_1080,meridian,
VSR_720,VSR_720,b3df168c-e677-4900-a03c-d0c9ce6a463c,Native4K,jockey,
Native4K,Native4K,d3f81ac1-1bc6-4c24-908a-d53ce97a0608,VSR_360,tearsofsteel,
Native4K,VSR_360,d3f81ac1-1bc6-4c24-908a-d53ce97a0608,Native4K,meridian_verification,Native4K
,Native4K,d3f81ac1-1bc6-4c24-908a-d53ce97a0608,VSR_360,tearsofsteel,
,Native4K,d3f81ac1-1bc6-4c24-908a-d53ce97a0608,VSR_480,tearsofsteel,
Native4K,Native4K,d3f81ac1-1bc6-4c24-908a-d53ce97a0608,VSR_360,racenight,
,VSR_720,d3f81ac1-1bc6-4c24-908a-d53ce97a0608,Native4K,sparks,
,VSR_1080,d3f81ac1-1bc6-4c24-908a-d53ce97a0608,Native4K,meridian,
Native4K,Native4K,d3f81ac1-1bc6-4c24-908a-d53ce97a0608,VSR_360,racenight_verification,Native4K
VSR_480,Native4K,d3f81ac1-1bc6-4c24-908a-d53ce97a0608,VSR_480,tearsofsteel,
,VSR_360,d3f81ac1-1bc6-4c24-908a-d53ce97a0608,Native4K,jockey,
,VSR_480,d3f81ac1-1bc6-4c24-908a-d53ce97a0608,Native4K,racenight,
,VSR_720,d3f81ac1-1bc6-4c24-908a-d53ce97a0608,Native4K,racenight,
VSR_480,VSR_480,2814c563-0edd-46f0-b767-b2818a727fe4,Native4K,racenight,
Native4K,VSR_360,2814c563-0edd-46f0-b767-b2818a727fe4,Native4K,racenight_verification,Native4K
Native4K,VSR_360,2814c563-0edd-46f0-b767-b2818a727fe4,Native4K,beauty,
Native4K,Native4K,2814c563-0edd-46f0-b767-b2818a727fe4,VSR_360,meridian_verification,Native4K
VSR_1080,Native4K,2814c563-0edd-46f0-b767-b2818a727fe4,VSR_1080,beauty,
VSR_1080,Native4K,2814c563-0edd-46f0-b767-b2818a727fe4,VSR_1080,meridian,
Native4K,VSR_1080,2814c563-0edd-46f0-b767-b2818a727fe4,Native4K,tearsofsteel,
Native4K,VSR_1080,2814c563-0edd-46f0-b767-b2818a727fe4,Native4K,tearsofsteel,
VSR_1080,Native4K,2814c563-0edd-46f0-b767-b2818a727fe4,VSR_1080,sunflower,
Native4K,Native4K,2814c563-0edd-46f0-b767-b2818a727fe4,VSR_360,beauty,
Native4K,VSR_480,2814c563-0edd-46f0-b767-b2818a727fe4,Native4K,tearsofsteel,
Native4K,Native4K,2814c563-0edd-46f0-b767-b2818a727fe4,VSR_720,sparks,
VSR_720,VSR_720,2086451a-7a01-432d-a309-7a2e0e94b00e,Native4K,sparks,
Native4K,VSR_360,2086451a-7a01-432d-a309-7a2e0e94b00e,Native4K,racenight,
VSR_1080,Native4K,2086451a-7a01-432d-a309-7a2e0e94b00e,VSR_1080,meridian,
VSR_720,VSR_720,2086451a-7a01-432d-a309-7a2e0e94b00e,Native4K,meridian,
Native4K,VSR_360,2086451a-7a01-432d-a309-7a2e0e94b00e,Native4K,meridian_verification,Native4K
Native4K,VSR_720,2086451a-7a01-432d-a309-7a2e0e94b00e,Native4K,sollevante,
Native4K,VSR_480,2086451a-7a01-432d-a309-7a2e0e94b00e,Native4K,sollevante,
Native4K,VSR_720,2086451a-7a01-432d-a309-7a2e0e94b00e,Native4K,racenight,
Native4K,VSR_360,2086451a-7a01-432d-a309-7a2e0e94b00e,Native4K,meridian,
Native4K,Native4K,2086451a-7a01-432d-a309-7a2e0e94b00e,VSR_360,meridian,
Native4K,Native4K,2086451a-7a01-432d-a309-7a2e0e94b00e,VSR_360,racenight_verification,Native4K
,Native4K,2086451a-7a01-432d-a309-7a2e0e94b00e,VSR_1080,beauty,
VSR_360,VSR_360,0a6548a2-4e96-42c9-936d-75491b33e99e,Native4K,sollevante,
VSR_480,VSR_480,0a6548a2-4e96-42c9-936d-75491b33e99e,Native4K,sparks,
VSR_360,VSR_360,0a6548a2-4e96-42c9-936d-75491b33e99e,Native4K,jockey,
VSR_360,Native4K,0a6548a2-4e96-42c9-936d-75491b33e99e,VSR_360,racenight,
Native4K,Native4K,0a6548a2-4e96-42c9-936d-75491b33e99e,VSR_360,racenight_verification,Native4K
Native4K,Native4K,0a6548a2-4e96-42c9-936d-75491b33e99e,VSR_720,tearsofsteel,
Native4K,VSR_360,0a6548a2-4e96-42c9-936d-75491b33e99e,Native4K,meridian_verification,Native4K
Native4K,VSR_720,0a6548a2-4e96-42c9-936d-75491b33e99e,Native4K,beauty,
Native4K,Native4K,0a6548a2-4e96-42c9-936d-75491b33e99e,VSR_360,sollevante,
,Native4K,0a6548a2-4e96-42c9-936d-75491b33e99e,VSR_480,racenight,
,Native4K,0a6548a2-4e96-42c9-936d-75491b33e99e,VSR_720,jockey,
,Native4K,0a6548a2-4e96-42c9-936d-75491b33e99e,VSR_1080,sunflower,
Native4K,Native4K,f776f06f-c2e0-4875-bb7d-bd5c692913bd,VSR_720,sparks,
Native4K,Native4K,f776f06f-c2e0-4875-bb7d-bd5c692913bd,VSR_360,meridian,
VSR_480,Native4K,f776f06f-c2e0-4875-bb7d-bd5c692913bd,VSR_480,beauty,
,Native4K,f776f06f-c2e0-4875-bb7d-bd5c692913bd,VSR_720,racenight,
,VSR_1080,f776f06f-c2e0-4875-bb7d-bd5c692913bd,Native4K,beauty,
Native4K,Native4K,f776f06f-c2e0-4875-bb7d-bd5c692913bd,VSR_480,meridian,
,Native4K,f776f06f-c2e0-4875-bb7d-bd5c692913bd,VSR_720,sollevante,
Native4K,Native4K,f776f06f-c2e0-4875-bb7d-bd5c692913bd,VSR_360,racenight_verification,Native4K
,VSR_720,f776f06f-c2e0-4875-bb7d-bd5c692913bd,Native4K,racenight,
Native4K,VSR_360,f776f06f-c2e0-4875-bb7d-bd5c692913bd,Native4K,meridian_verification,Native4K
,VSR_360,f776f06f-c2e0-4875-bb7d-bd5c692913bd,Native4K,racenight,
VSR_1080,Native4K,f776f06f-c2e0-4875-bb7d-bd5c692913bd,VSR_1080,sollevante,
Native4K,VSR_360,ee55c4d0-de7d-4b23-8ce1-9d6a93609693,Native4K,meridian_verification,Native4K
,Native4K,ee55c4d0-de7d-4b23-8ce1-9d6a93609693,VSR_720,sunflower,
Native4K,Native4K,ee55c4d0-de7d-4b23-8ce1-9d6a93609693,VSR_360,racenight_verification,Native4K
Native4K,Native4K,ee55c4d0-de7d-4b23-8ce1-9d6a93609693,VSR_360,meridian,
Native4K,Native4K,ee55c4d0-de7d-4b23-8ce1-9d6a93609693,VSR_360,tearsofsteel,
Native4K,Native4K,ee55c4d0-de7d-4b23-8ce1-9d6a93609693,VSR_360,sunflower,
,VSR_1080,ee55c4d0-de7d-4b23-8ce1-9d6a93609693,Native4K,tearsofsteel,
VSR_480,Native4K,ee55c4d0-de7d-4b23-8ce1-9d6a93609693,VSR_480,beauty,
Native4K,VSR_1080,ee55c4d0-de7d-4b23-8ce1-9d6a93609693,Native4K,jockey,
,Native4K,ee55c4d0-de7d-4b23-8ce1-9d6a93609693,VSR_720,sparks,
,Native4K,ee55c4d0-de7d-4b23-8ce1-9d6a93609693,VSR_360,jockey,
,VSR_360,ee55c4d0-de7d-4b23-8ce1-9d6a93609693,Native4K,tearsofsteel,
Native4K,Native4K,2d1616c3-c93c-4f54-8eb4-775dae3da930,VSR_360,racenight,
,VSR_720,2d1616c3-c93c-4f54-8eb4-775dae3da930,Native4K,tearsofsteel,
,VSR_1080,2d1616c3-c93c-4f54-8eb4-775dae3da930,Native4K,tearsofsteel,
Native4K,Native4K,2d1616c3-c93c-4f54-8eb4-775dae3da930,VSR_360,racenight,
Native4K,Native4K,2d1616c3-c93c-4f54-8eb4-775dae3da930,VSR_360,racenight_verification,Native4K
Native4K,VSR_480,2d1616c3-c93c-4f54-8eb4-775dae3da930,Native4K,meridian,
Native4K,VSR_360,2d1616c3-c93c-4f54-8eb4-775dae3da930,Native4K,meridian_verification,Native4K
,VSR_1080,2d1616c3-c93c-4f54-8eb4-775dae3da930,Native4K,sunflower,
,Native4K,2d1616c3-c93c-4f54-8eb4-775dae3da930,VSR_1080,sunflower,
,VSR_720,2d1616c3-c93c-4f54-8eb4-775dae3da930,Native4K,jockey,
Native4K,Native4K,2d1616c3-c93c-4f54-8eb4-775dae3da930,VSR_360,beauty,
,VSR_720,2d1616c3-c93c-4f54-8eb4-775dae3da930,Native4K,sparks,
VSR_480,Native4K,82a303c5-2fc5-4c9c-91fd-d7099c7e30a8,VSR_480,racenight,
Native4K,Native4K,82a303c5-2fc5-4c9c-91fd-d7099c7e30a8,VSR_360,meridian_verification,Native4K
Native4K,VSR_1080,82a303c5-2fc5-4c9c-91fd-d7099c7e30a8,Native4K,sollevante,
Native4K,VSR_360,82a303c5-2fc5-4c9c-91fd-d7099c7e30a8,Native4K,racenight_verification,Native4K
,Native4K,82a303c5-2fc5-4c9c-91fd-d7099c7e30a8,VSR_480,jockey,
VSR_720,VSR_720,82a303c5-2fc5-4c9c-91fd-d7099c7e30a8,Native4K,sparks,
Native4K,Native4K,82a303c5-2fc5-4c9c-91fd-d7099c7e30a8,VSR_360,sunflower,
VSR_720,VSR_720,82a303c5-2fc5-4c9c-91fd-d7099c7e30a8,Native4K,jockey,
,Native4K,82a303c5-2fc5-4c9c-91fd-d7099c7e30a8,VSR_480,jockey,
VSR_480,VSR_480,82a303c5-2fc5-4c9c-91fd-d7099c7e30a8,Native4K,sparks,
Native4K,Native4K,82a303c5-2fc5-4c9c-91fd-d7099c7e30a8,VSR_360,racenight,
,Native4K,82a303c5-2fc5-4c9c-91fd-d7099c7e30a8,VSR_480,meridian,
Native4K,Native4K,b3b5fdb2-cf84-4f31-adae-b043a51ab9f2,VSR_360,sollevante,
Native4K,Native4K,b3b5fdb2-cf84-4f31-adae-b043a51ab9f2,VSR_720,tearsofsteel,
Native4K,VSR_360,b3b5fdb2-cf84-4f31-adae-b043a51ab9f2,Native4K,racenight_verification,Native4K
Native4K,VSR_720,b3b5fdb2-cf84-4f31-adae-b043a51ab9f2,Native4K,beauty,
VSR_480,Native4K,b3b5fdb2-cf84-4f31-adae-b043a51ab9f2,VSR_480,tearsofsteel,
VSR_720,VSR_720,b3b5fdb2-cf84-4f31-adae-b043a51ab9f2,Native4K,beauty,
Native4K,VSR_720,b3b5fdb2-cf84-4f31-adae-b043a51ab9f2,Native4K,beauty,
Native4K,VSR_480,b3b5fdb2-cf84-4f31-adae-b043a51ab9f2,Native4K,tearsofsteel,
Native4K,Native4K,b3b5fdb2-cf84-4f31-adae-b043a51ab9f2,VSR_480,jockey,
Native4K,Native4K,b3b5fdb2-cf84-4f31-adae-b043a51ab9f2,VSR_480,sparks,
Native4K,Native4K,b3b5fdb2-cf84-4f31-adae-b043a51ab9f2,VSR_360,sollevante,
Native4K,Native4K,b3b5fdb2-cf84-4f31-adae-b043a51ab9f2,VSR_360,meridian_verification,Native4K
